Rooms,Size,ExternalView,Floor,Balconies,Attic,Elevator,Bathrooms,Neighbourhood,Price
5,172,0,9,2,0,0,3,1,209084
5,171,1,10,2,0,1,3,1,207124
5,166,1,4,0,0,1,3,1,206245
5,171,1,9,0,0,1,3,1,205615
5,156,1,3,1,0,1,2,1,205499
5,159,1,10,2,0,1,2,1,204681
5,162,1,0,1,0,1,2,1,204483
5,160,1,7,1,0,1,1,1,204257
5,161,1,2,1,0,1,3,1,203901
5,155,1,5,2,0,1,1,1,202988
5,167,1,10,0,0,1,2,1,202836
5,155,1,0,1,0,1,1,1,202425
5,159,0,3,1,0,0,1,1,202272
5,169,1,5,1,0,1,3,1,202221
5,165,0,1,0,0,0,2,1,201808
5,165,0,4,1,0,0,3,1,201387
5,168,0,1,0,0,0,3,1,201325
5,167,1,4,1,0,1,2,1,201196
5,166,0,6,0,1,0,3,1,201115
5,155,1,7,1,0,1,1,1,200919
5,164,0,4,0,0,0,1,1,200492
5,162,1,8,1,0,1,1,1,200381
5,159,0,9,2,0,1,1,1,199977
5,150,1,2,2,0,1,2,1,199265
5,154,1,2,0,0,1,1,1,199166
5,171,1,0,1,0,1,3,2,199106
5,163,1,6,0,0,1,3,1,198575
5,157,1,8,1,0,1,3,1,198442
5,157,1,4,1,0,1,1,1,198314
5,156,1,7,1,0,1,2,1,198207
5,163,0,10,1,0,1,2,2,198122
5,166,0,9,2,0,0,2,1,198108
5,162,1,10,0,0,1,2,1,198076
5,161,1,2,1,1,1,2,1,197992
5,172,1,3,0,1,1,3,2,197962
5,167,1,4,0,0,1,2,1,197813
5,152,1,0,1,0,1,3,1,197739
5,158,1,5,0,0,1,1,1,197697
5,158,1,9,1,1,1,3,1,197410
5,158,1,8,2,0,1,3,1,197389
5,164,1,0,1,0,1,3,1,197314
5,170,1,6,0,1,1,3,2,197254
5,150,1,3,1,0,1,2,1,197100
5,169,1,7,2,0,1,3,2,196980
5,150,1,10,1,0,1,2,1,196757
5,168,1,7,0,1,1,3,1,196720
5,157,1,10,2,0,1,3,2,196612
5,155,0,5,0,0,0,1,1,196209
5,165,1,2,0,0,1,3,2,196087
5,160,1,8,0,0,1,2,1,195917
5,166,1,1,0,0,1,2,1,195810
5,156,1,3,0,0,1,1,1,195665
5,160,1,4,0,1,1,1,1,195620
5,168,1,4,0,0,1,3,5,195614
5,162,0,1,1,0,0,3,1,195579
5,153,1,9,2,0,1,3,2,195521
5,169,0,1,1,0,0,3,2,195354
5,161,1,8,2,0,1,1,2,195261
5,165,1,7,0,0,1,3,1,195228
5,148,1,8,0,1,1,2,1,195135
5,155,1,10,0,0,1,1,1,195064
5,158,0,2,1,0,0,1,1,195058
5,160,1,7,1,0,1,1,2,194907
5,162,1,10,2,0,1,1,5,194708
5,168,1,9,1,0,1,3,4,194569
5,160,1,7,0,0,1,3,1,194551
5,167,1,6,2,0,1,2,2,194446
5,158,1,1,1,0,1,1,2,194377
5,150,0,3,2,0,0,2,1,194374
5,160,1,8,1,0,1,3,1,194060
5,162,1,0,1,0,1,3,5,194013
5,155,1,2,0,1,1,1,1,193988
5,170,1,9,2,0,1,3,2,193962
5,167,1,9,1,0,1,2,2,193961
5,153,0,6,0,0,0,3,1,193942
5,156,1,2,0,0,1,3,1,193822
5,153,1,0,1,0,1,1,2,193816
5,164,0,10,1,0,0,2,1,193805
5,162,1,2,2,0,1,1,5,193680
5,158,1,6,0,0,1,3,1,193668
5,160,1,0,2,0,1,3,5,193541
5,168,0,9,1,0,0,2,1,193373
5,167,0,7,1,0,0,2,2,193343
5,172,1,2,0,0,1,3,3,193316
5,151,1,10,0,0,1,1,1,193288
5,161,0,9,1,0,0,2,1,193257
5,153,1,4,1,0,1,1,1,193249
5,168,1,7,0,0,1,2,3,193220
5,168,1,8,0,0,1,3,4,193188
5,165,0,3,1,0,0,3,1,193052
5,157,0,1,1,0,0,3,1,192979
5,166,0,9,0,0,0,2,1,192857
5,163,1,8,0,0,1,1,1,192825
5,144,0,5,1,0,0,1,1,192814
5,166,1,10,0,0,1,3,2,192779
5,159,1,8,0,0,1,3,1,192765
5,164,1,3,0,0,1,3,1,192702
5,151,1,9,0,0,1,2,1,192658
5,149,1,5,0,1,1,1,1,192641
5,167,0,7,0,0,0,2,1,192619
5,162,0,2,2,0,0,2,2,192428
5,168,0,3,1,0,0,3,2,192406
5,168,0,4,0,0,0,2,1,192375
5,161,1,6,0,0,1,1,1,192348
5,165,0,10,1,0,0,2,1,192326
5,166,0,7,0,0,1,3,4,192316
5,157,0,1,0,0,0,2,1,192292
5,162,1,10,0,1,1,1,2,192268
5,154,1,5,1,0,1,1,1,192244
5,168,0,8,1,0,0,2,1,192102
5,164,0,4,0,1,0,1,1,191979
5,163,0,9,1,0,0,1,1,191898
5,164,1,10,0,0,1,3,3,191893
5,158,1,0,1,0,1,1,1,191742
5,160,0,0,0,0,0,2,1,191688
5,155,1,8,1,0,1,2,2,191617
5,160,1,10,2,0,1,3,3,191585
5,148,1,7,0,0,1,1,1,191558
5,164,1,3,0,1,1,3,2,191541
5,160,0,9,0,0,0,1,1,191531
5,164,1,9,0,0,1,2,3,191448
5,157,0,10,1,0,0,1,1,191428
5,158,1,3,2,0,1,3,3,191427
5,165,0,9,0,1,0,3,1,191411
5,159,0,9,2,0,0,2,2,191383
5,164,0,9,0,0,0,2,2,191344
5,165,1,0,1,0,1,3,4,191298
5,166,1,0,1,1,1,2,3,191258
5,165,1,8,1,0,1,2,3,191162
5,167,1,0,0,0,1,2,2,191134
5,157,1,0,2,0,1,1,4,191121
5,167,0,7,1,0,0,3,2,191083
5,158,1,6,1,0,1,3,3,191048
5,171,1,9,0,0,1,3,4,191019
5,164,1,7,0,0,1,1,5,190984
5,163,1,7,0,0,1,2,2,190892
5,154,1,8,0,0,1,3,1,190726
5,163,1,9,0,0,1,3,5,190722
5,154,1,1,0,0,1,3,1,190583
5,163,1,3,0,0,1,2,2,190408
5,163,1,6,0,0,1,2,5,190390
5,164,1,2,0,0,1,1,4,190377
5,160,1,9,0,0,1,2,1,190358
5,171,1,10,2,1,1,3,4,190339
5,167,1,0,0,0,1,3,4,190263
5,169,1,2,0,0,1,3,5,190255
5,160,1,4,0,0,1,3,4,190226
5,164,1,0,0,0,1,3,3,190206
5,165,1,1,0,0,1,3,4,190116
5,161,1,10,0,0,1,1,2,190104
5,150,1,8,0,0,1,2,1,189967
5,165,0,5,0,0,0,2,1,189951
5,152,0,2,1,0,1,2,2,189896
5,149,0,9,1,0,0,2,1,189877
5,160,1,7,0,0,1,3,5,189854
5,167,0,4,0,1,0,2,1,189827
5,166,0,10,0,1,0,2,1,189748
5,166,0,4,0,0,0,2,1,189747
5,170,0,8,1,0,0,3,4,189726
5,160,1,9,2,0,1,3,4,189707
5,165,1,9,2,0,1,3,4,189699
5,153,0,4,2,0,0,3,2,189609
5,166,1,2,0,0,1,2,2,189579
5,163,0,6,0,0,0,3,1,189517
5,153,0,7,0,0,0,1,1,189507
5,159,1,0,1,0,1,1,4,189492
5,163,0,9,2,1,0,1,2,189416
5,148,1,3,1,0,1,1,2,189368
5,165,0,0,0,0,0,3,1,189352
5,158,1,2,0,0,1,1,1,189346
5,163,1,6,0,0,1,2,4,189336
5,155,1,9,0,0,1,1,1,189249
5,159,0,1,1,0,0,2,1,189219
5,159,1,10,0,1,1,1,2,189123
5,159,1,9,0,0,1,2,5,189113
5,159,1,9,1,0,1,3,2,189091
5,154,1,5,1,0,1,1,3,188996
5,158,1,5,0,0,1,2,2,188952
5,168,1,0,0,1,1,2,5,188944
5,171,1,6,0,0,1,3,5,188893
5,164,1,2,1,0,1,2,4,188873
5,166,1,5,2,0,1,3,3,188871
5,165,0,10,0,0,0,2,1,188831
5,168,0,2,1,0,0,3,2,188779
5,158,1,7,2,0,1,2,2,188748
5,152,1,8,1,0,1,2,2,188717
5,148,1,5,2,0,1,2,5,188715
5,162,1,6,0,0,1,1,2,188684
5,154,1,1,0,0,1,2,2,188651
5,164,0,10,1,0,0,3,1,188544
5,162,0,4,0,0,1,1,3,188539
5,160,1,2,0,0,1,3,4,188473
5,151,1,8,0,1,1,2,2,188408
5,164,0,5,1,0,0,2,4,188337
5,150,1,1,1,0,1,2,1,188227
5,162,1,2,2,0,1,1,2,188212
5,154,1,5,0,0,1,3,1,188169
5,158,0,8,0,0,0,1,1,188091
5,171,0,9,0,0,0,3,3,188084
5,165,1,3,1,1,1,3,5,188046
5,156,0,4,2,0,0,3,5,188025
5,172,1,1,0,0,1,3,4,187881
5,171,1,7,0,0,1,3,3,187874
5,157,1,7,0,0,1,3,4,187842
5,157,1,0,0,0,1,2,2,187839
5,168,0,0,0,0,0,2,1,187832
5,168,0,10,0,0,0,3,5,187735
5,167,0,10,1,0,0,2,2,187685
5,154,1,6,1,0,1,3,2,187671
5,167,1,6,0,1,1,2,4,187661
5,155,0,7,1,0,1,3,4,187656
5,159,0,4,1,0,0,2,2,187507
5,161,0,4,1,0,1,1,2,187415
5,168,0,8,0,0,0,3,5,187386
5,154,0,10,2,1,0,3,1,187337
5,153,0,10,2,0,0,1,1,187330
5,171,0,5,1,0,0,3,5,187244
5,159,0,10,1,0,0,2,2,187217
5,167,0,6,0,0,0,2,4,187069
5,168,0,6,0,0,0,3,2,187033
5,166,0,3,1,0,0,3,4,187009
5,155,1,7,2,0,1,3,3,186952
5,160,0,9,0,0,0,1,1,186932
5,161,0,0,0,0,0,1,2,186755
5,161,1,5,0,0,1,2,4,186728
5,161,1,0,0,0,1,1,4,186680
5,148,0,7,1,0,0,2,1,186658
5,167,0,8,0,0,0,2,4,186579
5,164,0,10,1,1,0,2,4,186578
5,166,1,10,0,0,1,2,2,186565
5,161,0,3,0,0,0,1,1,186540
5,163,1,1,1,0,1,1,3,186518
5,159,1,9,0,0,1,2,4,186457
5,161,1,9,0,0,1,2,1,186355
5,162,0,5,1,0,0,2,3,186344
5,159,1,2,0,0,1,2,5,186306
5,161,1,6,0,1,1,3,4,186259
5,155,1,9,1,0,1,2,3,186239
5,156,1,4,1,0,1,2,4,186231
5,164,1,8,0,0,1,3,5,186223
5,170,1,0,1,0,1,3,5,186211
5,167,1,2,1,0,1,2,2,186182
5,166,1,1,2,0,1,2,5,186181
5,162,0,4,0,0,0,3,2,186114
5,168,0,7,0,1,0,2,2,186076
5,165,0,0,1,0,0,2,5,186019
5,162,0,9,0,1,0,3,1,185981
5,158,1,3,0,0,1,2,4,185951
5,144,0,0,0,1,0,1,1,185917
5,156,1,0,1,0,1,3,2,185887
5,157,1,7,0,0,1,3,3,185869
5,157,0,9,0,0,0,3,1,185864
5,163,1,0,1,0,1,3,3,185831
5,153,1,3,0,0,1,3,3,185647
5,160,1,4,1,0,1,3,5,185641
5,165,1,7,1,1,1,2,2,185596
5,161,0,0,0,0,0,2,1,185557
5,167,1,6,0,0,0,2,3,185552
5,154,1,6,0,0,1,1,4,185548
5,160,1,0,1,1,1,3,3,185487
5,154,1,8,0,0,1,3,5,185430
5,165,0,9,0,0,0,3,1,185419
5,164,1,1,1,0,1,2,3,185413
5,167,0,1,0,0,0,3,3,185406
5,160,1,5,2,0,1,1,5,185363
5,163,0,5,0,1,0,2,2,185305
5,161,0,4,1,0,0,2,5,185225
5,162,1,2,1,0,1,1,5,185215
5,162,0,10,0,0,0,3,3,185214
5,156,0,10,2,0,0,3,2,185208
5,152,1,9,0,0,1,1,4,185134
5,163,0,4,1,0,0,2,4,185130
5,154,0,7,2,0,0,1,2,185124
5,155,1,5,0,0,1,3,1,185044
5,151,1,7,1,0,1,2,1,185023
5,159,1,8,1,1,1,2,5,184943
5,162,0,7,1,0,0,1,5,184911
5,164,0,7,2,0,0,2,2,184903
5,152,0,4,0,0,0,2,1,184858
5,163,0,4,2,0,0,3,5,184834
5,164,1,9,0,0,1,2,5,184780
5,169,0,4,0,0,0,3,2,184726
5,156,1,9,0,0,1,3,4,184725
5,155,1,2,0,1,1,3,1,184689
5,165,0,5,1,0,0,2,5,184660
5,160,0,8,2,0,0,1,1,184648
5,161,0,6,2,0,1,1,5,184624
5,159,0,3,1,0,0,3,4,184595
5,146,1,0,0,0,1,1,1,184556
5,157,1,8,1,1,1,3,5,184545
5,165,1,0,0,0,1,3,2,184525
5,161,1,5,0,0,1,1,4,184467
5,171,1,10,0,0,1,3,4,184435
5,160,1,7,1,0,1,3,3,184423
5,165,1,6,0,0,1,2,2,184410
5,168,0,1,0,0,0,2,3,184232
5,158,0,8,0,0,0,1,1,184213
5,168,0,10,1,0,0,2,3,184155
5,162,0,3,1,0,1,2,4,184080
5,150,1,9,0,0,1,1,4,184064
5,156,0,6,2,0,0,1,2,184063
5,169,0,3,0,0,0,3,5,184058
5,149,1,6,0,0,1,2,3,184053
5,160,0,5,0,0,0,1,2,184049
5,167,1,4,1,1,1,2,4,184045
5,162,0,9,1,0,0,3,4,184003
5,165,0,2,1,0,0,2,2,183970
5,153,0,2,2,0,0,1,3,183967
5,156,0,8,1,0,0,3,4,183901
5,158,0,10,1,0,0,2,4,183886
5,163,0,5,2,0,0,3,3,183881
5,168,0,5,1,0,0,2,5,183826
5,163,1,10,0,0,1,2,5,183810
5,162,1,9,2,0,1,1,4,183785
5,164,1,6,1,0,1,1,2,183783
5,156,0,5,1,0,0,3,4,183720
5,171,0,3,0,0,0,3,2,183684
5,158,0,4,2,0,0,1,4,183640
5,163,1,2,2,0,1,3,3,183589
5,172,0,4,0,0,0,3,5,183565
5,166,1,7,0,0,1,3,4,183551
5,165,0,8,1,0,0,2,4,183539
5,167,0,6,2,0,0,2,2,183527
5,161,1,9,0,0,1,1,3,183511
5,163,0,2,0,0,0,2,3,183476
5,152,1,5,0,0,1,3,2,183476
5,154,1,3,0,0,1,3,2,183432
5,170,0,7,1,0,0,3,5,183415
5,166,0,1,1,0,0,2,2,183403
5,172,0,2,0,0,0,3,3,183389
5,158,1,2,1,0,1,1,2,183378
5,157,0,0,0,0,0,1,2,183335
5,156,1,7,0,0,1,3,5,183325
5,155,0,6,1,0,0,1,5,183303
5,148,0,4,0,0,0,2,2,183289
5,160,0,8,1,0,0,3,2,183277
5,165,1,5,1,0,1,3,4,183264
5,163,1,2,0,1,1,3,5,183164
5,152,0,6,1,0,0,3,5,183084
5,156,0,7,0,0,0,3,4,183079
5,157,1,5,0,0,1,1,1,183072
5,163,1,6,0,0,1,2,2,183039
5,171,1,9,0,0,1,3,3,183016
5,172,0,0,0,0,0,3,2,183003
5,168,0,3,0,0,0,2,2,182971
5,164,0,9,2,0,0,1,5,182904
5,144,1,9,0,0,1,1,1,182868
5,152,0,3,1,0,0,2,2,182829
5,159,0,10,1,0,0,3,4,182825
5,153,0,4,1,0,0,3,2,182741
5,156,1,3,1,0,1,1,5,182738
5,156,1,10,0,0,1,1,3,182714
5,147,1,10,1,0,1,1,1,182705
5,164,0,1,2,0,0,2,4,182651
5,148,1,1,1,0,1,1,3,182636
5,157,0,3,1,0,0,2,3,182601
5,160,0,3,2,0,0,2,3,182543
5,166,0,5,0,0,0,3,1,182524
5,151,1,6,0,0,1,2,4,182469
5,153,0,9,0,0,0,3,1,182434
5,159,0,10,0,0,0,2,1,182355
5,160,0,0,0,0,0,1,2,182319
5,172,0,5,1,0,0,3,2,182315
5,155,0,1,1,0,0,3,4,182278
5,168,0,1,1,0,0,3,2,182247
5,155,0,7,0,0,0,2,1,182189
5,145,1,8,0,1,1,1,2,182179
5,165,0,8,1,0,0,2,2,182108
5,159,0,6,1,1,0,2,4,181970
5,157,1,4,0,0,1,2,5,181967
5,150,1,3,2,1,1,2,2,181911
5,153,1,9,1,0,1,2,5,181898
5,153,1,6,1,0,1,1,5,181897
5,157,1,5,0,0,1,3,3,181894
5,156,0,1,1,0,0,2,4,181864
5,167,1,6,0,0,1,3,3,181855
5,155,0,10,2,0,0,1,3,181830
5,157,0,0,0,0,0,3,5,181770
5,158,0,2,1,0,0,2,1,181710
5,163,1,4,0,0,1,1,2,181629
5,161,1,1,0,0,1,3,3,181566
5,158,1,9,1,0,1,1,2,181433
5,148,1,3,0,0,1,2,2,181411
5,163,0,7,1,0,0,3,3,181356
5,152,1,4,1,0,1,3,5,181346
5,162,1,0,0,0,1,3,2,181335
5,151,1,4,0,0,1,2,4,181307
5,152,1,3,0,0,1,1,1,181220
5,154,1,10,0,0,1,1,2,181161
5,154,0,8,1,0,0,3,4,181156
5,159,0,2,0,0,0,2,5,181150
4,145,1,6,2,0,1,3,1,181125
5,158,0,1,2,0,0,2,5,181076
5,163,1,5,0,0,1,2,5,181075
5,156,0,4,1,1,0,1,4,181029
5,148,1,0,0,0,1,1,2,181002
5,157,1,7,0,0,1,1,2,180910
5,156,1,5,2,0,1,2,5,180902
5,160,1,5,0,0,1,3,5,180842
5,168,0,3,1,0,0,2,4,180833
5,167,0,1,1,0,0,2,2,180812
5,157,0,2,1,0,0,2,4,180808
5,169,1,0,0,0,1,3,3,180757
5,159,0,3,2,0,0,2,4,180709
5,164,0,7,1,0,0,1,5,180701
5,149,0,8,2,0,0,2,4,180699
5,155,0,1,1,0,0,2,5,180673
5,152,1,10,0,0,1,3,4,180639
5,153,0,9,0,0,0,3,3,180607
5,144,1,0,1,0,1,1,5,180560
5,156,0,9,0,0,0,1,3,180527
5,169,0,2,0,0,0,3,5,180493
5,167,1,2,0,1,1,3,3,180451
4,147,1,9,1,0,1,2,1,180429
5,165,1,4,0,0,1,3,5,180400
5,157,1,10,1,1,1,1,4,180360
5,154,0,8,1,0,0,1,1,180359
5,146,0,2,2,0,0,1,1,180346
5,167,0,10,1,0,0,2,2,180342
5,153,0,0,0,0,0,3,1,180329
5,152,1,2,1,0,1,1,3,180281
5,157,0,1,0,0,1,1,5,180274
5,161,0,10,0,0,0,2,4,180274
5,165,1,3,0,0,1,2,4,180180
5,155,0,1,0,1,0,1,1,180140
5,163,1,9,1,0,1,3,3,180120
5,149,1,0,1,0,1,1,4,180104
5,156,0,4,1,0,0,3,5,180090
5,148,0,10,0,1,0,2,1,180009
5,156,1,0,0,0,1,1,3,179980
5,165,0,5,0,0,0,2,4,179964
5,148,0,3,0,0,0,1,1,179921
4,143,1,9,2,1,1,3,1,179897
5,154,1,6,0,0,1,1,4,179833
5,159,1,4,1,0,1,3,3,179735
5,160,0,0,0,0,0,1,1,179720
5,155,1,9,0,1,1,3,3,179656
5,168,0,5,0,0,0,2,2,179652
4,146,1,3,1,0,1,2,1,179590
5,158,1,8,0,1,1,1,5,179576
5,155,1,8,0,0,1,3,4,179559
5,155,1,0,1,0,1,3,5,179555
5,162,1,2,0,1,1,1,2,179535
5,157,0,4,2,0,0,3,4,179500
4,149,1,7,1,0,1,3,1,179487
5,156,1,10,0,0,1,2,2,179454
5,153,0,9,1,0,0,3,2,179404
5,155,0,3,0,0,0,1,4,179399
5,157,0,1,0,0,0,1,3,179332
5,151,0,1,1,0,0,2,2,179247
5,160,1,0,0,1,1,3,4,179244
5,160,0,0,0,0,0,2,4,179226
5,162,1,10,0,0,1,3,3,179206
5,166,0,0,0,0,0,3,2,179126
5,148,1,1,0,1,1,2,4,179112
5,153,0,2,0,0,0,2,1,179072
5,163,0,0,0,0,0,1,4,179033
5,158,1,4,1,1,1,1,3,178999
5,160,1,0,1,0,1,2,3,178920
5,160,1,2,1,1,1,1,3,178914
5,163,0,6,0,0,0,1,2,178908
5,151,0,4,1,0,0,2,4,178867
5,153,0,5,2,0,0,1,5,178851
5,163,0,8,0,0,0,2,2,178779
5,161,1,9,1,0,1,1,5,178604
5,150,0,10,1,0,0,2,2,178587
5,163,1,5,0,0,1,3,5,178480
4,145,1,1,0,0,1,3,1,178392
5,158,0,5,1,0,0,2,2,178379
5,147,0,9,0,0,0,1,2,178369
5,156,0,10,0,0,0,2,3,178368
5,161,1,9,0,0,1,1,2,178361
4,139,1,0,1,0,1,1,1,178279
5,162,0,6,1,0,0,3,2,178213
5,152,1,8,0,0,1,1,4,178202
5,156,0,0,0,0,0,1,2,178148
5,156,0,3,1,0,0,2,2,178133
5,159,1,6,0,0,1,3,5,178078
5,160,1,2,0,0,1,1,4,178059
5,164,0,9,1,0,0,1,2,178011
5,152,0,0,0,0,0,2,2,177981
5,159,0,9,0,0,0,3,2,177980
5,150,1,2,0,1,1,1,2,177954
5,146,1,10,0,0,1,1,4,177912
5,154,1,8,0,1,1,2,3,177907
5,151,1,9,0,1,1,2,5,177898
5,164,1,6,0,0,1,1,3,177897
5,160,1,8,0,0,1,1,3,177882
5,154,0,8,0,0,0,2,3,177817
5,159,1,3,0,0,1,1,2,177806
5,166,1,8,0,0,1,2,3,177726
5,158,1,3,0,0,1,1,5,177713
5,160,0,1,0,0,0,2,2,177700
5,149,0,0,0,0,0,1,3,177699
5,154,1,10,0,1,1,3,4,177613
5,157,0,2,1,0,0,1,5,177600
5,148,1,1,2,0,1,1,2,177581
5,149,0,3,1,0,1,1,2,177490
5,158,0,3,0,0,0,1,5,177463
5,151,0,3,0,0,0,2,1,177452
5,147,0,1,0,0,0,1,2,177446
4,147,0,3,2,0,0,3,1,177443
5,148,1,2,1,0,1,1,3,177435
5,154,1,8,1,0,1,3,4,177416
5,161,0,2,0,0,0,3,2,177412
5,149,1,2,2,0,1,2,3,177384
5,153,0,2,1,0,0,3,5,177366
5,150,0,3,0,0,0,1,3,177348
5,145,1,2,0,0,1,1,2,177321
5,159,1,8,0,0,1,2,4,177228
5,149,0,2,0,0,0,1,5,177227
5,144,1,0,0,1,1,1,4,177208
5,162,1,2,0,0,1,3,4,177156
5,154,0,9,0,0,0,1,1,177156
5,149,0,6,0,1,0,2,3,177119
4,147,1,3,1,0,1,3,1,177077
5,160,0,9,1,0,0,2,3,177065
5,162,0,5,0,0,0,1,2,176937
5,154,1,5,0,0,1,2,2,176924
5,150,0,7,0,0,0,1,4,176908
5,168,0,3,1,0,0,3,3,176904
5,158,1,7,0,0,1,3,5,176895
5,149,1,5,1,0,1,2,4,176827
5,148,0,7,0,0,0,2,3,176822
5,158,1,1,0,0,1,1,3,176806
5,151,1,5,0,1,1,1,2,176772
5,151,1,0,0,1,1,2,4,176752
5,146,1,10,0,0,1,1,5,176747
5,153,0,9,0,0,0,2,5,176739
5,162,0,6,0,0,0,1,3,176707
5,162,0,10,0,0,0,1,4,176705
5,170,0,6,0,0,0,3,5,176646
5,164,1,4,0,0,1,1,3,176609
5,152,1,10,0,0,1,2,2,176576
5,164,1,7,0,0,1,2,5,176510
5,155,1,0,1,0,1,2,5,176476
5,156,0,4,0,0,0,2,5,176435
5,155,0,3,0,0,0,2,4,176369
5,156,0,7,0,0,0,3,4,176323
5,153,0,5,1,0,0,3,2,176302
5,153,0,3,1,0,0,1,5,176265
5,154,0,0,1,1,0,1,3,176145
5,148,0,9,1,0,0,1,5,176074
5,152,0,4,0,0,0,2,2,176018
5,153,0,0,1,0,0,1,5,176005
5,161,0,4,0,1,0,2,5,176001
5,161,0,5,1,0,0,1,4,175982
5,149,0,9,0,0,0,2,4,175959
5,161,0,10,1,1,0,1,4,175956
4,150,1,7,1,0,1,3,1,175948
5,168,0,10,0,0,0,3,4,175899
5,158,1,3,0,0,1,2,5,175758
5,157,0,0,1,0,0,2,2,175626
5,151,1,8,0,0,1,2,2,175590
5,149,1,9,1,0,1,1,4,175575
5,162,0,10,0,0,0,3,4,175474
5,157,0,10,0,0,0,1,2,175386
5,155,0,8,1,0,0,2,2,175282
5,152,0,9,0,0,0,2,5,175211
5,147,1,0,0,0,1,1,3,175211
5,151,0,3,1,0,0,1,2,175132
5,152,0,0,0,0,0,2,4,175109
5,156,0,4,0,0,0,3,2,174961
5,156,0,0,0,0,0,3,3,174906
5,152,0,0,1,1,0,1,5,174863
4,143,1,5,0,0,1,1,1,174817
5,162,1,0,0,0,1,1,3,174816
5,160,0,6,0,0,0,2,5,174715
5,161,0,2,0,0,0,2,2,174601
5,156,0,9,0,1,0,1,4,174589
5,152,0,6,0,0,0,1,4,174574
5,151,1,6,0,0,1,1,4,174561
5,157,0,6,0,0,0,2,5,174474
5,152,0,4,0,1,0,1,5,174455
5,158,0,9,0,0,0,2,2,174440
5,155,1,8,0,0,1,1,4,174378
5,163,1,9,0,0,0,3,4,174355
5,144,1,0,1,0,1,1,3,174301
5,151,1,7,0,0,1,2,4,174300
5,158,0,7,0,0,0,1,3,174227
5,157,0,1,2,0,0,2,5,174210
5,150,0,9,2,0,0,1,4,174140
5,155,1,1,0,0,1,1,5,173944
4,140,0,0,1,0,0,3,1,173875
5,151,0,5,0,0,0,2,1,173874
5,148,0,1,1,0,0,2,4,173866
5,166,0,7,0,0,0,3,5,173677
5,159,0,7,0,0,0,1,4,173615
5,150,0,0,0,0,0,1,2,173605
5,152,0,2,0,0,0,3,5,173561
5,158,0,8,1,1,0,3,5,173522
5,156,1,1,0,0,1,3,4,173491
5,153,0,3,0,0,0,1,5,173481
4,143,1,9,2,0,1,1,1,173312
5,149,0,3,0,0,0,1,3,173192
5,166,0,0,0,0,0,2,4,173188
5,148,1,0,0,1,1,1,4,173106
5,162,0,10,0,0,0,1,5,173096
5,152,1,3,0,0,1,3,3,172991
5,149,0,4,0,0,0,1,3,172772
5,149,0,8,0,0,0,1,5,172561
5,155,0,7,0,1,0,1,5,172538
5,150,1,7,0,0,1,2,3,172452
5,153,1,6,0,0,1,2,5,172400
5,153,0,10,1,1,0,2,4,172375
5,149,0,1,0,0,0,2,4,172281
5,145,1,4,1,1,1,1,3,172188
5,149,1,1,1,0,1,2,4,172145
5,149,0,5,0,0,0,2,3,172080
5,149,0,10,0,0,0,1,2,172054
5,151,0,3,0,0,0,1,4,171964
5,150,0,8,1,0,0,2,3,171891
4,152,1,2,1,0,1,3,2,171867
5,157,0,4,1,0,0,1,3,171852
5,154,0,0,0,1,0,1,5,171691
4,143,1,0,0,0,1,1,1,171663
4,141,0,8,0,1,0,3,1,171602
5,150,1,10,0,0,1,2,4,171589
5,161,0,2,0,0,0,2,4,171561
4,151,0,1,1,0,0,3,1,171560
4,142,0,10,1,0,0,3,1,171464
4,144,1,6,0,0,1,1,1,171406
5,154,0,5,1,1,0,2,3,171377
5,159,0,0,0,0,0,1,3,171330
5,157,0,10,0,0,0,3,3,171253
5,147,0,9,0,1,0,1,5,171133
5,144,1,1,0,0,1,1,4,171075
4,145,1,6,2,1,1,3,1,170957
5,152,0,6,0,0,0,3,4,170916
5,150,1,4,0,0,1,2,3,170709
5,146,0,6,0,0,0,1,5,170628
5,153,1,9,0,0,1,1,5,170577
4,148,1,8,1,0,1,2,1,170558
5,154,0,7,1,0,0,1,5,170449
5,158,0,0,0,0,0,3,5,170437
5,150,1,8,0,0,1,1,3,170374
4,148,1,9,0,0,1,2,1,170360
4,146,1,7,2,0,1,2,1,170290
5,156,0,3,1,0,0,1,3,170171
5,159,0,6,1,0,0,1,3,170168
4,150,0,4,1,0,0,3,1,169944
4,138,1,6,0,0,1,2,1,169898
5,152,0,10,1,0,0,3,3,169779
4,137,0,5,1,0,0,3,1,169725
4,135,1,2,1,0,1,1,1,169447
5,149,1,5,0,0,1,2,5,169406
5,150,0,10,0,1,0,2,4,169340
5,145,0,5,2,0,0,1,5,169098
4,140,1,1,0,0,1,3,1,169052
4,147,1,2,1,0,1,3,2,168906
4,133,0,5,1,0,0,3,1,168867
4,139,0,4,0,0,0,2,1,168865
5,146,0,8,0,0,0,1,3,168656
4,135,1,6,1,0,1,1,1,168630
4,133,1,4,0,0,1,3,1,168511
4,141,1,3,1,0,1,1,1,168237
4,150,1,5,2,0,1,3,3,168170
4,126,1,1,0,0,1,1,1,168122
5,151,0,4,0,0,0,2,5,167963
5,158,0,7,0,0,0,1,5,167809
4,151,1,5,0,0,1,3,2,167677
4,140,0,8,1,0,0,3,1,167617
4,142,0,8,1,1,0,2,1,167576
4,150,1,2,2,0,1,3,4,167387
5,149,0,0,0,0,0,2,4,167364
4,143,0,3,0,0,0,3,1,167217
4,151,1,5,1,0,1,3,1,167207
4,148,0,6,0,0,0,3,1,167203
4,151,1,5,1,0,1,3,5,166791
4,146,1,6,2,0,1,2,4,166738
4,137,0,6,0,0,0,3,1,166633
5,151,0,7,0,0,0,2,5,166616
4,132,1,4,2,0,1,1,1,166554
4,139,1,9,2,0,1,3,1,166466
4,140,1,10,0,0,1,2,1,166281
4,143,1,9,0,0,1,1,1,166214
4,138,1,2,0,1,1,2,1,166034
5,153,0,2,0,0,0,1,3,166006
4,138,1,7,1,0,1,1,1,165987
4,139,1,2,1,0,1,3,1,165982
5,152,0,0,0,0,0,3,3,165911
4,141,1,3,2,0,1,3,4,165804
4,147,1,9,0,0,1,3,1,165801
4,146,1,8,1,0,1,3,2,165692
4,145,1,3,0,0,1,2,1,165506
4,131,1,9,2,0,1,1,1,165500
4,150,0,5,0,0,0,3,1,165459
4,140,0,4,1,0,0,3,1,165401
5,151,0,4,0,0,0,1,3,165389
4,133,1,7,0,0,1,1,1,165364
4,140,1,6,1,1,1,3,1,165336
5,150,0,6,0,0,0,2,4,165301
4,134,1,4,1,0,1,2,1,165284
5,147,0,8,0,0,0,1,2,165272
5,149,0,4,0,0,0,2,5,165265
4,140,1,4,1,0,1,1,1,165155
4,141,1,1,2,0,1,2,3,165120
4,139,1,8,0,0,1,1,1,165017
4,151,1,10,0,0,1,3,5,165008
4,150,0,2,2,1,0,3,3,164832
4,132,1,9,0,1,1,3,1,164815
4,132,1,5,1,0,1,3,1,164808
4,146,0,3,1,1,0,2,1,164791
4,131,1,5,2,0,1,1,2,164757
4,142,1,7,0,0,1,3,1,164746
4,145,1,7,1,1,1,2,2,164737
4,141,0,3,0,0,0,1,1,164533
4,143,1,9,2,0,1,1,4,164435
4,148,1,0,1,0,1,2,3,164296
4,150,1,9,2,0,1,3,5,164284
5,151,0,3,0,1,0,2,5,164224
4,145,0,1,1,0,1,2,2,164125
4,148,1,9,0,0,1,3,4,164108
4,137,0,7,1,1,1,1,1,163940
4,142,1,1,1,0,1,3,3,163821
4,138,0,6,2,1,0,3,2,163785
4,132,1,5,1,0,1,3,2,163716
4,146,1,6,1,1,1,2,5,163681
4,134,0,5,1,0,0,1,1,163673
4,141,1,2,1,0,1,3,2,163670
4,143,1,2,1,0,1,3,4,163534
4,132,0,1,0,0,0,3,1,163434
5,148,0,2,0,0,0,2,5,163363
4,143,1,3,1,0,1,3,4,163244
4,141,0,3,0,1,0,1,1,163222
4,141,0,2,2,0,0,1,1,163158
4,142,0,4,1,0,0,2,1,163076
4,137,0,6,1,0,0,3,1,162832
4,146,1,2,1,0,1,3,2,162781
4,148,1,2,0,0,1,2,3,162638
4,140,1,0,1,0,1,2,2,162573
4,152,1,1,1,0,1,3,3,162467
4,143,1,5,1,0,1,2,2,162456
4,140,0,8,0,0,0,2,1,162442
5,145,0,9,0,0,0,1,4,162414
4,148,1,9,2,0,1,3,5,162413
4,150,1,5,1,0,1,3,3,162319
4,151,1,1,1,1,1,3,3,162281
4,142,0,7,2,0,0,1,2,162226
4,142,1,4,0,0,1,1,2,162201
4,141,1,7,0,0,1,1,2,162139
4,146,1,8,0,0,1,3,3,162069
4,131,1,3,0,0,1,2,1,161931
4,147,1,5,0,0,1,2,3,161865
4,139,1,6,1,0,1,3,3,161807
4,149,0,9,0,0,0,3,2,161770
4,131,1,4,1,0,1,2,1,161718
4,142,1,5,0,0,1,1,2,161640
4,147,0,8,0,0,0,3,2,161623
4,141,0,4,0,0,0,2,1,161557
4,150,1,4,2,0,1,3,5,161486
4,137,0,9,1,0,0,1,1,161420
4,125,0,3,1,0,1,1,1,161389
4,144,1,4,0,0,1,3,5,161283
4,144,0,6,0,0,0,3,1,161273
4,134,1,4,0,0,1,1,1,161190
4,125,1,1,1,0,1,1,1,161113
4,138,1,7,1,0,1,3,4,161038
4,143,1,8,0,0,1,3,5,161018
4,137,0,10,0,0,0,1,1,161014
4,140,0,1,1,0,0,1,2,160978
4,144,1,1,1,0,1,2,4,160975
4,146,1,8,1,0,1,3,2,160883
4,140,0,5,1,0,0,2,1,160860
4,144,1,1,0,0,1,3,3,160844
4,128,0,9,0,0,0,2,1,160820
4,134,1,9,1,0,1,1,1,160675
4,151,1,9,0,0,1,3,2,160649
4,144,0,4,1,0,0,3,4,160624
4,143,1,1,0,0,1,2,2,160594
4,140,1,7,1,0,1,2,4,160575
4,148,0,4,1,0,0,3,4,160566
4,145,0,5,2,0,0,3,4,160530
4,134,0,1,2,0,0,3,2,160489
4,144,1,4,0,0,1,3,3,160441
4,138,1,8,0,0,1,2,2,160301
4,136,1,6,1,0,1,2,5,160280
4,140,1,3,1,0,1,3,5,160199
4,142,1,4,1,0,1,3,5,160149
4,139,1,8,1,0,1,1,5,160138
4,143,1,2,1,1,1,2,3,160059
4,140,1,1,0,0,1,2,2,159998
4,146,0,8,0,0,1,2,3,159977
4,132,1,4,2,0,1,2,2,159947
4,139,1,9,1,0,1,3,3,159906
4,135,1,8,0,0,1,1,1,159874
4,143,0,2,2,0,0,2,4,159873
4,128,0,2,1,0,0,1,1,159862
4,144,1,3,2,0,1,1,3,159861
4,136,0,9,0,0,0,1,1,159833
4,143,0,5,0,1,0,2,1,159707
4,142,1,1,0,0,1,2,4,159661
4,139,1,9,1,0,1,1,4,159636
4,146,0,3,1,0,0,2,2,159629
4,143,1,1,1,0,1,1,4,159626
4,149,0,5,2,0,0,3,2,159620
4,143,1,6,0,0,1,2,5,159579
4,152,0,4,0,1,0,3,2,159558
4,148,1,8,0,0,1,3,4,159515
4,152,0,5,0,0,0,3,2,159494
4,136,1,1,1,0,1,1,4,159469
4,138,1,10,1,0,1,2,5,159425
4,139,1,5,2,0,1,2,3,159424
4,138,1,10,1,0,1,3,3,159280
4,130,1,3,2,0,1,2,3,159127
4,145,1,6,0,0,1,2,3,159115
4,140,1,10,2,0,1,1,2,159023
4,144,1,9,0,0,1,1,4,159019
4,144,1,2,2,0,1,2,5,158953
4,149,1,2,0,0,1,3,3,158952
4,142,1,4,0,0,1,2,5,158859
4,145,1,1,2,1,1,2,3,158829
4,131,0,3,1,0,0,1,1,158774
4,145,0,6,1,0,0,2,2,158761
4,137,1,9,0,0,1,2,2,158735
4,143,1,0,1,0,1,2,4,158689
4,145,0,9,0,0,0,2,1,158650
4,150,0,6,0,0,0,3,1,158631
4,150,0,2,2,0,0,3,5,158435
4,138,1,6,1,0,1,2,5,158418
4,151,0,0,0,0,0,3,2,158375
4,126,1,8,1,0,1,1,2,158352
4,134,1,1,1,0,1,1,3,158284
4,147,1,2,0,0,1,3,5,158238
4,139,0,1,1,0,0,1,2,158235
4,140,0,7,1,0,1,2,2,158188
4,147,0,1,1,0,0,2,2,158175
4,127,0,6,1,0,0,1,1,158138
4,134,0,6,1,0,0,2,2,158130
4,139,1,1,0,0,1,2,3,158094
4,141,0,4,0,0,1,3,3,158093
4,134,1,9,1,0,1,3,3,158027
4,142,0,1,0,0,0,1,1,157874
4,134,1,5,2,0,1,2,5,157822
4,128,0,3,1,0,1,1,2,157804
4,137,1,7,1,0,1,3,4,157758
4,142,1,9,1,0,1,1,5,157739
4,138,0,7,0,0,0,3,1,157647
4,142,0,6,2,0,0,2,3,157647
4,140,1,7,2,0,1,1,5,157639
4,144,1,10,0,0,1,1,4,157546
4,127,1,8,2,0,1,1,4,157523
4,140,1,1,0,0,1,1,2,157518
4,142,1,7,0,1,1,1,2,157482
4,140,1,10,0,0,1,3,5,157460
4,146,1,8,0,1,1,2,5,157421
4,146,0,3,0,0,0,2,2,157420
4,135,1,1,2,0,1,3,5,157405
4,139,1,4,1,0,1,1,2,157396
4,135,1,4,2,0,1,3,2,157356
4,142,0,8,1,0,0,2,4,157344
4,137,1,10,0,0,1,2,5,157335
4,144,0,7,0,0,0,2,2,157298
4,126,1,2,0,0,1,1,1,157270
4,137,1,6,1,0,1,1,4,157259
4,142,1,3,1,0,1,2,3,157218
4,145,0,9,1,0,0,3,2,157212
4,143,0,10,1,0,0,2,2,157185
4,133,1,4,2,0,1,3,3,157178
4,135,0,1,0,0,0,3,1,157156
4,125,1,7,0,0,1,1,1,157153
4,140,0,0,0,0,0,2,1,157149
4,132,0,10,0,0,0,2,1,157132
4,146,0,1,0,0,0,2,2,157112
4,135,0,1,2,0,0,2,4,157106
4,148,0,0,0,0,0,2,5,157039
4,138,1,0,0,0,1,1,4,156825
4,133,1,9,0,0,1,2,2,156795
4,146,0,8,2,0,0,3,3,156791
4,139,0,3,1,0,0,3,3,156786
4,132,1,5,2,0,1,2,3,156722
4,137,1,3,0,1,1,1,1,156706
4,139,1,6,0,0,1,1,2,156650
4,142,0,9,1,0,0,3,4,156624
4,141,1,1,0,0,1,3,3,156622
4,144,0,0,2,0,0,2,3,156583
4,147,0,8,1,0,0,3,2,156556
4,133,1,9,0,1,1,3,5,156544
4,141,1,3,1,0,1,1,2,156538
4,134,0,10,0,0,0,1,1,156512
4,139,0,0,1,0,0,3,3,156478
4,139,0,4,2,0,0,3,5,156385
4,134,1,1,1,0,1,3,4,156321
4,140,0,6,1,0,0,2,2,156174
4,146,1,9,0,0,1,2,4,156166
4,139,0,3,2,0,0,3,5,156163
4,130,0,7,2,0,0,2,1,156038
4,139,1,7,0,0,1,3,4,156036
4,133,1,6,1,1,1,2,5,156007
4,147,0,7,0,0,0,2,2,155960
4,139,1,2,0,0,1,1,5,155938
4,138,0,10,2,0,0,3,2,155895
4,134,1,6,0,0,1,3,3,155889
4,133,1,0,1,0,1,3,2,155874
4,134,1,9,2,0,0,3,3,155848
4,136,1,7,0,0,1,3,5,155715
4,133,1,6,0,1,1,3,5,155671
4,144,1,9,0,0,1,3,4,155666
4,137,1,3,0,0,1,3,4,155564
4,140,1,2,0,0,1,1,5,155336
4,144,1,8,0,1,0,2,1,155262
4,135,1,0,0,0,1,3,2,155241
4,134,1,4,1,0,1,2,2,155223
4,140,0,2,1,0,0,3,5,155211
4,148,0,0,0,0,1,3,3,155205
4,148,0,0,0,0,0,3,5,155192
4,138,1,2,2,0,1,3,4,155098
4,141,1,6,1,0,1,1,5,155081
4,137,1,3,1,0,1,1,2,155044
4,137,0,0,2,0,0,3,2,155027
4,140,1,7,0,0,1,3,5,155022
4,131,0,4,1,0,0,1,1,155000
4,139,1,3,0,0,1,1,5,154994
4,138,1,3,1,0,1,2,5,154962
4,145,0,2,0,0,0,3,2,154932
4,128,1,1,0,0,1,2,1,154918
4,151,0,10,0,0,0,3,3,154913
4,138,0,9,0,0,0,2,1,154908
4,145,0,6,2,0,0,2,3,154907
4,145,1,4,0,0,0,3,4,154898
4,132,1,7,0,0,1,3,4,154883
4,136,0,10,0,0,0,2,2,154863
4,136,1,10,1,0,1,3,3,154855
4,146,1,0,0,1,1,3,5,154850
4,136,0,0,2,0,0,3,3,154687
4,124,1,7,1,0,1,1,1,154655
4,131,1,5,1,0,1,1,5,154646
4,135,0,0,0,0,0,2,2,154636
4,130,1,9,0,0,1,2,2,154623
4,127,0,8,0,0,0,1,1,154607
4,141,0,4,0,1,0,3,2,154593
4,144,0,7,1,1,0,1,1,154553
4,135,1,10,1,0,1,2,2,154507
4,131,1,7,0,0,1,2,2,154446
4,139,1,9,1,0,1,3,2,154352
4,134,1,8,1,0,1,3,4,154317
4,134,1,6,0,0,1,3,4,154280
4,137,1,6,0,1,1,3,5,154251
4,133,1,10,0,0,1,2,4,154231
4,141,1,9,1,1,1,1,2,154190
4,138,1,3,0,0,1,3,2,154085
4,125,1,2,1,0,1,1,4,154080
4,133,0,2,0,0,0,3,2,154039
4,145,1,0,0,1,1,2,4,154029
4,138,1,1,0,0,1,1,3,154013
4,129,1,6,0,0,1,2,3,154009
4,147,1,5,1,0,1,2,5,153992
4,145,0,2,1,0,0,2,4,153983
4,133,1,4,0,0,1,1,5,153922
4,143,0,4,0,1,0,2,3,153915
4,143,1,10,0,0,1,3,5,153883
4,140,1,8,0,0,1,1,3,153772
4,140,1,10,0,1,1,3,3,153769
4,130,1,3,0,0,1,1,2,153701
4,135,0,5,0,1,0,3,2,153696
4,147,0,9,0,0,0,2,4,153683
4,131,1,0,2,0,1,1,4,153667
4,133,1,0,0,0,1,2,5,153667
4,140,1,3,0,0,1,2,4,153641
4,141,1,10,0,0,1,1,2,153512
4,144,1,9,0,0,1,2,3,153431
4,145,0,2,1,0,0,2,5,153373
4,142,1,0,0,0,1,1,2,153366
4,146,0,9,1,0,0,3,5,153333
4,137,1,0,0,0,1,3,5,153273
4,141,1,7,0,0,1,3,3,153236
4,135,0,3,0,0,0,1,2,153206
4,139,1,8,0,0,1,3,4,153192
4,145,1,10,0,0,1,3,4,153082
4,134,1,1,0,0,1,3,5,153079
4,136,1,3,0,0,1,1,2,153071
4,137,1,7,0,0,1,3,3,152935
4,140,1,4,0,0,1,3,3,152810
4,138,0,10,2,0,0,2,2,152770
4,127,1,8,0,0,1,1,2,152733
4,126,1,0,1,0,1,1,4,152669
4,135,0,4,0,0,1,2,2,152631
4,144,0,3,1,0,0,3,3,152587
4,132,1,3,0,0,1,2,4,152587
4,133,1,0,0,0,1,1,2,152576
4,129,1,0,0,0,1,2,4,152508
4,143,0,8,1,0,0,2,2,152496
4,143,0,9,1,0,0,3,5,152478
4,127,1,8,2,0,1,1,4,152470
4,142,1,9,0,0,1,3,4,152374
4,131,1,5,0,0,1,1,2,152328
4,144,0,9,0,0,0,3,5,152297
4,128,1,3,0,1,1,2,4,152286
4,135,1,9,0,0,1,3,2,152276
4,134,1,7,0,0,1,2,5,152276
4,132,1,6,0,0,1,1,5,152252
4,144,0,9,0,0,0,2,5,152249
4,140,0,2,0,0,0,3,5,152227
4,134,1,6,0,0,1,2,5,152222
4,147,0,3,1,0,0,2,5,152189
4,133,1,9,0,0,1,3,3,152188
4,138,1,9,0,0,1,1,5,152151
4,142,1,9,0,0,1,3,3,152147
4,136,0,7,0,0,0,2,3,152091
4,135,1,8,0,0,1,2,5,152073
4,138,0,1,0,0,0,3,5,152068
4,142,0,10,0,0,0,1,1,152060
4,139,0,9,0,0,0,2,3,152038
4,146,0,5,1,0,0,2,4,151969
4,143,1,9,0,0,1,3,3,151904
4,132,1,3,0,0,1,1,4,151875
4,128,1,8,0,0,1,2,2,151850
4,144,1,3,0,0,1,1,4,151799
4,142,0,8,0,0,0,3,3,151691
4,146,0,5,1,0,0,2,2,151670
4,133,1,6,0,0,1,2,4,151669
4,146,0,4,0,0,0,2,3,151614
4,137,1,6,1,0,1,2,5,151582
4,144,0,5,0,0,0,3,4,151573
4,140,0,6,1,0,0,1,2,151539
4,135,1,0,1,0,1,2,3,151533
4,124,1,8,0,0,1,1,1,151499
4,143,0,1,0,0,0,2,4,151491
4,131,1,5,0,0,1,2,5,151474
4,149,0,8,0,0,0,3,5,151431
4,149,0,6,0,0,0,3,2,151427
4,132,1,1,0,0,1,2,2,151415
4,129,1,8,1,0,1,2,5,151406
4,142,0,1,0,0,0,3,3,151387
4,137,1,9,0,1,1,3,3,151374
4,132,1,7,1,0,1,1,2,151369
4,142,1,3,0,0,0,3,2,151326
4,132,1,1,1,0,1,2,5,151320
4,129,1,1,1,0,1,1,2,151245
4,134,0,8,0,0,0,3,2,151146
4,129,0,3,1,0,0,2,3,151085
4,136,1,9,0,0,1,1,3,151076
4,146,0,3,2,0,0,2,5,151063
4,128,1,7,1,0,1,2,3,151060
4,137,0,7,0,0,0,2,2,151016
4,130,0,10,1,0,0,2,5,150923
4,134,0,0,0,0,0,3,5,150922
4,131,1,10,0,0,1,1,3,150915
4,133,1,10,0,0,1,3,3,150875
4,138,0,5,0,1,1,2,2,150852
4,129,0,5,0,0,0,2,2,150824
4,138,0,3,1,1,0,2,3,150810
4,133,0,7,1,0,0,3,4,150803
4,135,0,8,1,1,0,1,4,150786
4,138,0,6,0,0,0,1,4,150780
4,131,1,1,0,0,1,1,4,150762
4,137,1,3,0,0,1,2,5,150748
4,137,0,2,1,0,0,2,4,150686
4,130,1,1,1,0,1,1,3,150640
4,146,0,9,0,0,0,3,5,150638
4,135,1,2,1,0,1,1,4,150603
4,130,1,5,1,0,1,1,4,150574
4,130,1,1,1,0,1,2,4,150503
4,128,1,5,0,0,1,2,4,150437
4,138,0,3,0,0,0,2,4,150328
4,148,0,4,0,0,0,3,3,150191
4,132,1,10,0,0,1,2,5,150103
4,135,0,5,0,1,0,1,3,150064
4,139,0,2,0,1,0,1,4,149991
4,143,1,4,0,1,1,2,3,149980
4,135,1,10,0,0,1,2,5,149980
4,140,0,10,0,0,0,3,3,149980
4,134,0,10,0,0,0,1,1,149934
4,143,0,8,0,0,0,1,3,149933
4,144,0,10,1,0,0,3,4,149922
4,129,0,1,0,0,0,1,1,149917
4,145,0,5,0,0,0,3,2,149909
4,148,0,1,0,0,0,2,5,149862
4,129,0,4,1,1,0,2,2,149836
4,124,0,3,1,0,0,1,2,149834
4,139,0,8,1,0,0,3,3,149829
4,132,0,0,0,1,0,3,3,149794
4,138,0,6,0,0,0,1,4,149779
4,137,1,2,0,0,1,3,5,149742
4,137,1,8,0,1,1,1,4,149738
4,140,1,4,0,0,1,3,4,149731
4,128,0,8,0,0,0,1,2,149726
4,131,0,3,1,1,0,2,5,149724
4,148,0,2,0,0,0,3,3,149701
4,137,0,0,1,0,0,3,3,149667
4,136,0,2,2,0,0,3,3,149656
4,137,0,6,1,0,0,3,5,149627
4,128,0,4,1,0,0,2,2,149619
4,147,0,7,0,1,0,2,2,149572
4,144,1,9,0,0,1,2,4,149544
4,129,1,5,1,0,1,2,2,149491
4,132,1,1,1,0,1,2,4,149416
4,134,0,4,0,0,1,3,4,149335
4,149,0,10,0,0,0,3,3,149277
4,149,0,2,0,0,0,3,4,149229
4,144,0,3,0,1,0,2,4,149182
4,139,0,8,1,0,0,2,5,149131
4,128,0,6,0,1,0,1,1,149125
4,135,1,3,0,1,1,2,3,148986
4,137,0,4,0,0,0,3,4,148931
4,133,1,3,0,0,1,2,3,148921
4,133,0,7,0,0,0,1,5,148913
4,146,0,8,1,0,0,3,4,148885
4,130,0,2,0,0,0,2,4,148821
4,131,1,1,0,0,1,1,3,148794
4,126,1,9,1,0,1,1,4,148751
4,134,0,9,0,1,0,1,5,148732
4,141,1,4,0,0,1,1,5,148726
4,144,0,3,1,0,0,2,4,148724
4,138,0,0,0,0,0,3,3,148658
4,136,0,3,0,0,0,3,4,148584
4,134,0,4,1,0,0,3,5,148532
4,143,0,0,0,0,0,3,3,148518
4,135,0,0,1,0,0,1,4,148441
4,131,0,4,0,0,0,2,4,148438
4,136,0,10,1,0,0,2,5,148433
4,125,0,3,1,0,0,1,1,148420
4,133,1,10,0,1,1,3,4,148384
4,138,0,9,1,0,0,1,2,148277
4,129,1,0,0,0,0,2,4,148259
4,131,0,9,0,0,0,1,5,148219
4,141,0,10,1,0,0,3,5,148215
4,142,0,10,0,0,0,1,4,148157
4,142,0,5,0,0,0,1,2,148096
4,143,0,5,0,0,0,2,5,148090
4,133,0,9,0,0,0,3,2,148053
4,133,1,1,1,0,1,1,5,148034
4,141,0,6,1,0,0,1,4,148022
4,136,0,2,0,0,0,2,5,148022
4,143,0,6,1,0,0,3,5,147935
4,138,0,6,0,0,0,1,3,147845
4,143,0,0,1,0,0,1,3,147818
4,135,0,3,0,0,0,2,3,147775
4,132,0,6,0,0,0,2,3,147774
4,134,1,4,0,0,1,1,4,147743
4,147,0,4,0,0,0,2,5,147704
4,135,0,4,1,0,0,3,4,147704
4,137,1,1,0,0,1,2,5,147694
4,140,0,4,1,0,0,2,3,147657
4,135,0,5,1,1,0,1,5,147605
4,130,1,1,0,0,1,2,5,147544
4,133,1,3,0,0,1,1,5,147297
4,124,0,3,1,1,0,1,2,147277
4,138,0,10,0,0,0,2,4,147236
4,132,0,6,1,0,0,3,4,147235
4,140,0,6,1,0,0,3,5,147187
4,134,0,10,0,0,0,2,5,147161
4,136,1,9,0,0,1,2,4,147158
3,128,1,7,1,0,1,2,1,147102
4,129,1,1,0,0,1,1,5,147100
4,135,1,7,1,0,1,1,3,147062
4,133,0,1,2,0,0,2,5,146916
4,132,0,2,0,0,0,1,4,146904
4,132,1,0,0,0,1,1,3,146884
4,136,1,2,0,0,1,3,3,146882
4,128,1,1,0,0,1,2,5,146813
4,135,1,0,0,0,1,2,5,146793
3,122,1,1,1,0,1,2,1,146704
4,142,0,10,0,0,0,3,3,146644
4,137,1,7,0,0,1,2,4,146540
4,133,0,2,2,0,0,2,3,146499
4,127,1,8,0,0,1,1,4,146448
4,139,0,8,1,0,0,1,5,146423
4,142,0,1,0,0,0,2,3,146364
4,138,0,3,0,0,0,1,5,146357
4,133,0,10,0,0,0,3,3,146298
4,130,1,8,1,0,1,2,5,146285
3,124,1,5,1,0,1,2,1,146248
3,125,1,1,1,0,1,2,1,146244
4,139,0,4,1,1,0,2,5,146197
4,130,1,8,1,0,1,2,4,146191
4,132,1,8,0,0,1,3,5,146125
4,140,0,8,0,0,0,1,2,146067
4,130,0,10,0,0,0,1,3,146011
3,124,1,4,1,0,1,1,1,145869
3,122,1,10,0,0,1,1,1,145707
4,134,0,0,0,0,0,1,5,145670
4,134,0,6,0,0,0,3,2,145662
4,132,1,0,0,0,1,3,5,145637
4,137,0,6,0,0,0,3,2,145611
4,131,0,6,0,0,0,1,2,145553
4,126,1,10,2,0,1,1,4,145509
4,139,0,3,0,0,0,1,2,145490
3,118,1,1,0,0,1,2,1,145473
4,134,0,3,1,0,0,1,5,145440
4,134,1,7,0,1,1,1,3,145344
4,143,1,1,0,0,0,3,4,145202
4,126,0,10,2,0,0,1,4,145166
4,127,1,9,0,0,1,1,2,145153
4,141,0,2,1,0,0,1,4,145092
3,116,1,3,1,0,1,2,1,144965
4,132,0,9,0,0,0,1,4,144874
3,114,1,10,2,0,1,2,1,144766
4,138,0,8,0,0,0,1,3,144766
4,145,0,7,0,0,0,2,3,144749
3,122,1,3,0,0,1,1,1,144702
4,137,0,6,0,0,0,1,5,144604
4,132,0,10,0,0,0,2,5,144533
4,143,0,5,0,0,0,2,4,144498
3,119,1,1,2,0,1,2,1,144457
4,142,0,2,0,0,0,1,5,144281
4,131,1,4,0,0,0,1,3,144280
4,124,1,10,0,0,0,1,3,144244
3,123,1,4,0,0,1,2,1,144236
4,137,0,7,1,0,0,3,4,144212
4,130,0,7,0,0,0,2,2,144202
4,124,1,8,0,0,1,1,2,144181
4,141,0,9,0,0,0,2,5,144136
4,133,0,7,0,0,0,1,2,144014
4,127,0,9,0,0,0,1,4,143946
4,125,0,2,0,1,0,1,3,143894
4,138,0,9,0,0,0,1,4,143682
4,127,0,2,1,0,0,1,3,143623
4,131,1,2,0,0,1,2,3,143604
4,133,0,7,0,0,0,2,3,143479
3,117,1,1,0,0,1,2,1,143461
3,118,1,0,1,0,1,2,1,143420
4,130,0,6,0,0,0,2,3,143292
4,142,0,7,0,0,0,2,5,143211
4,129,0,5,2,0,0,2,4,143147
4,128,0,1,0,0,0,1,2,143078
4,129,1,5,0,1,1,2,4,143067
4,132,0,10,0,1,0,2,2,143036
4,127,0,10,0,0,0,1,5,143025
4,142,0,9,0,0,0,1,5,142981
3,124,1,8,1,0,1,2,1,142751
4,128,0,0,0,1,0,2,3,142604
4,125,1,8,0,0,1,1,3,142426
4,136,0,1,0,1,0,3,5,142388
3,124,0,2,2,0,0,1,1,142292
4,129,1,5,0,0,1,2,3,142288
4,132,0,9,1,1,0,3,4,142251
3,121,0,6,2,0,0,1,1,142166
4,136,0,8,0,0,0,1,4,141993
4,133,0,2,0,0,0,3,4,141923
4,132,0,2,0,0,0,3,3,141875
4,134,0,0,0,0,0,2,4,141868
3,121,0,3,1,0,0,1,1,141727
4,125,0,0,0,0,0,1,3,141673
4,128,0,6,2,0,0,2,3,141666
4,133,0,10,1,0,0,2,4,141558
4,131,0,4,0,0,0,1,4,141519
4,131,0,2,1,0,0,1,3,141421
4,133,0,8,0,0,0,2,3,140896
4,129,0,7,0,0,0,1,5,140740
3,122,1,10,0,1,1,1,1,140738
3,123,1,8,0,0,1,1,1,140610
4,130,0,7,0,0,0,2,4,140569
4,134,0,10,0,0,0,1,3,140561
4,133,0,1,0,0,0,3,4,140515
3,118,1,6,0,0,1,2,1,140498
4,125,0,6,0,0,0,1,5,140489
4,135,0,8,0,0,0,2,4,140474
4,133,0,10,1,0,0,1,4,140225
3,123,1,10,2,0,1,2,1,140199
3,128,0,8,1,1,0,2,1,140139
3,123,1,10,0,0,1,2,1,140078
3,120,1,2,1,0,1,2,1,139963
4,124,0,2,0,0,0,1,2,139950
3,118,1,4,1,0,1,1,1,139633
3,125,1,3,0,0,1,2,1,139474
4,130,0,9,0,0,0,1,3,139462
3,117,1,5,0,0,1,2,1,139455
4,131,0,3,0,0,0,1,5,139387
3,121,0,1,1,0,0,2,1,139147
3,109,1,8,1,0,1,1,1,139089
4,132,0,8,0,0,0,2,4,138979
3,115,0,2,0,0,0,2,1,138839
3,111,0,7,1,0,0,2,1,138816
3,117,0,8,2,0,0,2,1,138797
4,124,0,9,0,0,0,1,4,138521
4,131,0,7,0,0,0,1,5,138408
3,123,1,1,1,0,1,2,2,138361
4,129,0,0,0,0,0,1,3,138341
3,116,1,0,1,0,1,1,1,138311
3,118,0,10,1,0,0,2,1,138144
3,127,1,7,2,0,1,2,2,138084
4,124,0,10,0,0,0,1,2,138069
3,117,1,5,0,0,1,2,1,137908
3,118,1,4,1,0,1,1,1,137905
3,108,0,0,1,0,0,2,1,137859
4,132,0,9,0,0,0,1,3,137829
3,117,1,2,0,0,1,2,1,137825
3,116,1,5,1,0,1,1,1,137746
3,128,0,7,0,0,0,2,1,137325
3,111,0,4,0,0,0,2,1,137316
3,127,1,6,2,0,1,2,5,136928
3,118,1,2,0,0,1,2,1,136752
3,119,1,4,1,0,1,2,1,136604
3,119,1,8,0,0,1,2,1,136588
3,118,1,4,1,0,1,2,1,136587
4,128,0,0,0,0,0,1,5,136341
3,124,0,7,1,0,0,1,1,136014
3,119,0,7,1,0,0,1,1,135996
3,119,1,1,1,0,1,1,2,135892
3,116,1,10,0,0,1,1,1,135714
3,127,0,9,1,1,0,2,1,135625
3,115,1,10,0,0,1,1,1,135621
3,127,1,8,0,0,1,2,2,135616
3,114,0,1,1,0,0,1,1,135608
3,120,1,8,0,0,1,2,1,135560
3,124,1,9,2,0,1,1,3,135513
3,118,1,9,0,0,1,1,1,135428
3,115,1,9,0,0,1,2,1,135261
3,119,0,0,0,0,0,2,1,135198
3,110,1,10,0,1,1,2,1,135170
3,125,1,5,1,0,1,2,3,135092
3,122,0,8,0,0,0,1,1,134924
3,109,1,7,1,0,1,1,1,134922
3,114,0,5,0,0,0,1,1,134486
3,117,1,7,2,0,1,2,4,134479
4,125,0,1,0,1,0,1,3,134387
3,115,1,2,1,0,1,2,1,134363
3,120,1,5,2,0,1,1,2,134323
3,118,0,0,1,0,0,2,1,134137
3,109,1,8,0,0,1,2,1,133854
3,114,1,6,0,0,1,1,1,133852
4,124,0,6,0,0,0,1,3,133849
3,121,1,3,0,0,1,1,1,133765
3,110,1,5,1,0,1,1,1,133738
3,124,1,7,1,0,1,2,3,133677
3,122,0,7,0,0,0,2,1,133674
3,120,0,0,0,0,1,2,2,133595
3,113,1,7,0,0,1,2,1,133387
3,118,0,2,2,0,0,1,2,133333
3,109,0,7,1,0,0,1,1,133333
3,112,0,5,1,0,0,1,1,133295
3,109,1,5,1,0,1,2,1,133161
3,123,0,4,1,1,0,1,1,133149
3,124,1,9,2,0,1,1,5,133111
3,110,0,5,1,0,0,1,1,132925
3,114,0,1,1,0,0,2,1,132887
3,127,1,0,0,0,1,2,5,132885
3,128,1,5,0,0,1,2,5,132845
3,120,1,7,0,0,1,2,1,132839
3,115,0,9,0,1,0,2,1,132775
4,124,0,2,0,0,0,1,5,132754
3,112,1,5,0,0,1,1,1,132727
3,111,1,7,0,0,1,2,1,132695
3,118,0,10,0,1,0,1,1,132563
3,120,0,9,0,0,0,2,1,132558
3,109,1,6,1,0,1,2,2,132477
3,121,1,1,2,0,1,1,3,132337
3,119,0,3,0,0,0,1,1,132315
3,119,1,6,0,0,1,2,2,132301
3,118,1,10,0,0,1,1,2,132182
3,115,0,5,2,0,0,1,1,132165
3,119,1,8,0,0,1,1,1,132089
3,126,1,8,1,1,1,2,5,132077
3,125,1,10,0,0,1,2,2,132005
3,121,1,4,1,0,1,1,2,131996
3,112,1,10,2,0,1,2,2,131950
3,122,1,2,1,0,1,1,4,131534
3,123,0,1,1,0,1,2,4,131395
3,120,1,2,0,0,1,1,2,131383
3,122,0,6,0,0,0,1,1,131319
3,128,1,0,0,0,1,2,5,131307
3,125,1,3,1,0,1,2,3,131255
3,125,1,0,1,0,1,2,5,131196
3,122,1,6,1,0,1,1,4,131174
3,122,1,8,2,0,1,2,3,131089
3,105,0,8,1,0,0,1,1,130947
3,120,1,1,1,0,1,1,2,130943
3,123,1,10,1,0,1,2,4,130939
3,105,1,2,1,0,1,1,1,130931
3,126,1,5,2,0,1,2,5,130895
3,124,1,2,1,0,1,1,4,130893
3,117,1,5,0,0,1,1,2,130889
3,110,0,4,0,0,0,1,1,130854
3,112,0,0,2,0,0,1,1,130838
3,127,1,4,0,0,1,2,3,130802
3,121,1,2,1,0,1,1,5,130761
3,127,1,8,0,0,1,2,3,130741
3,127,0,5,1,0,0,2,3,130581
3,120,1,10,1,0,1,2,2,130536
3,125,1,5,0,0,1,2,3,130527
3,122,1,4,0,0,1,2,5,130484
3,106,0,10,0,0,0,1,1,130363
3,117,0,0,0,0,0,1,1,130265
3,109,1,4,2,0,1,2,3,130247
3,126,0,9,2,0,0,2,2,130199
3,126,1,8,0,0,1,2,5,130195
3,122,1,10,0,0,1,2,5,130063
3,119,0,7,0,0,0,1,1,130056
3,109,1,10,1,0,1,2,2,130042
3,124,1,0,1,0,1,1,5,130041
3,110,1,2,0,0,1,1,1,130002
3,112,0,9,0,0,0,2,1,129888
3,124,1,4,1,1,1,1,2,129873
3,109,1,9,1,0,1,2,2,129803
3,126,1,10,1,0,1,2,5,129767
3,112,0,9,2,0,0,1,1,129660
3,111,0,5,1,0,0,2,1,129596
3,123,1,6,2,0,1,1,4,129571
3,122,1,5,1,0,1,1,5,129497
3,117,0,6,0,0,0,1,1,129482
3,122,1,10,0,0,1,1,5,129433
3,123,1,4,0,0,1,1,4,129407
3,118,1,1,1,0,1,1,5,129405
3,128,1,10,1,0,1,2,5,129404
3,121,1,9,0,0,1,2,5,129352
3,117,0,10,0,0,0,1,1,129266
3,120,1,1,1,0,1,2,4,129207
3,116,1,3,0,0,1,2,2,129201
3,119,1,10,0,0,1,1,2,129105
3,109,0,10,2,0,0,2,1,129062
3,124,1,6,0,0,1,2,4,129030
3,126,1,4,0,0,1,2,3,129007
3,119,1,1,1,0,1,1,4,128866
3,118,1,10,1,0,1,2,4,128800
3,124,1,6,0,0,1,2,5,128773
3,117,1,10,0,1,1,2,4,128673
3,119,0,9,0,0,1,2,4,128638
3,123,1,10,0,0,1,1,3,128494
3,117,0,1,0,0,1,2,2,128372
3,123,0,4,1,0,0,2,5,128282
3,117,1,8,0,0,1,2,5,128203
3,122,1,7,1,0,1,1,2,128184
3,121,0,6,2,0,0,1,4,128171
3,128,1,2,1,0,1,2,3,128118
3,116,0,9,1,0,0,1,2,128072
3,121,1,5,0,0,1,2,2,128030
3,122,1,9,1,0,1,2,3,128009
3,118,1,0,1,1,1,2,4,128009
3,116,1,6,0,0,1,2,4,128008
3,121,1,2,1,1,1,1,5,127885
3,118,1,3,1,0,1,2,5,127823
3,124,1,3,0,0,1,1,3,127817
3,124,0,7,1,0,0,2,4,127808
3,120,0,0,2,0,0,2,4,127797
3,114,1,4,0,0,1,1,1,127744
3,114,1,6,2,1,1,2,5,127728
3,107,1,1,2,0,1,1,2,127720
3,125,1,4,0,0,1,2,3,127659
3,121,0,4,0,0,0,1,1,127612
3,119,0,6,1,1,0,1,2,127506
3,119,1,1,1,0,1,1,4,127496
3,119,1,4,1,0,1,2,4,127468
3,124,1,10,0,0,1,1,4,127460
3,121,1,6,0,0,1,2,4,127456
3,124,0,5,0,0,0,2,2,127413
3,112,1,7,1,0,1,2,5,127412
3,121,1,3,1,0,1,2,3,127316
3,122,0,10,0,0,0,1,2,127286
3,118,1,6,1,0,1,2,5,127271
3,118,0,9,0,0,0,1,1,127269
3,116,1,3,1,0,1,2,5,127257
3,115,1,5,2,0,1,2,3,127245
3,117,1,4,0,0,1,2,5,127235
3,121,1,8,0,0,1,1,2,127205
3,110,1,1,0,0,1,1,2,127082
3,116,1,9,1,0,1,2,3,127051
3,109,0,8,1,0,0,2,1,127041
3,116,1,0,1,0,1,1,2,126967
3,113,1,0,1,0,1,2,5,126919
3,120,1,3,0,0,1,1,5,126919
3,109,1,2,1,0,1,2,5,126892
3,121,0,0,0,0,0,1,2,126891
3,123,0,3,1,0,0,2,5,126754
3,120,0,9,1,0,0,1,2,126685
3,128,0,7,2,0,0,2,3,126657
3,113,1,6,1,0,1,2,5,126627
3,117,0,3,0,0,0,1,1,126602
3,122,1,6,0,0,1,2,2,126565
3,108,0,5,1,0,1,1,2,126530
3,118,1,6,0,1,1,1,2,126316
3,106,1,2,0,1,1,1,1,126278
3,124,0,1,1,0,0,1,5,126215
3,118,0,3,1,0,0,1,2,126105
3,111,1,9,1,0,1,2,2,126092
3,114,1,3,1,0,1,2,2,126051
3,117,1,10,0,0,1,1,2,126031
3,108,1,9,1,0,1,2,4,126011
3,115,1,3,1,0,1,1,2,125914
3,111,1,2,0,0,1,1,2,125894
3,114,1,9,1,0,1,1,4,125893
3,117,1,0,0,1,1,1,4,125854
3,109,1,6,1,0,1,1,2,125819
3,117,1,1,0,0,1,1,4,125779
3,119,1,7,1,0,1,1,3,125763
3,118,1,7,0,0,1,1,4,125733
3,117,1,6,0,0,1,1,3,125695
3,116,1,3,0,0,1,2,5,125615
3,106,0,9,2,0,0,1,2,125598
3,108,1,9,0,0,1,2,2,125575
3,117,1,8,1,0,1,2,5,125554
3,124,0,4,1,0,0,2,3,125391
3,113,1,10,1,0,1,1,5,125298
3,116,0,7,0,0,0,2,1,125269
3,118,1,4,0,0,1,1,2,125225
3,109,1,2,1,1,1,1,3,125205
3,115,0,7,0,1,0,1,2,125160
3,108,1,5,1,0,1,2,4,125092
3,115,0,9,2,0,0,1,3,125088
3,113,1,10,0,0,1,2,3,125065
3,117,1,9,2,0,1,2,3,124999
3,124,1,7,0,1,1,1,5,124989
3,121,1,7,0,0,1,2,5,124988
3,123,1,2,0,0,1,2,5,124975
3,120,0,10,0,0,0,2,2,124966
3,114,1,7,0,0,1,2,4,124963
3,119,1,1,0,0,1,1,2,124944
3,115,1,3,0,0,1,1,4,124871
3,113,1,4,0,0,1,1,4,124847
3,122,1,1,0,0,1,1,2,124821
3,117,1,1,0,0,1,1,2,124783
3,121,0,8,0,0,0,2,3,124757
3,119,1,5,0,0,1,2,5,124739
3,124,0,5,1,0,0,1,4,124661
3,119,0,2,2,1,0,2,5,124650
3,121,0,2,1,1,0,1,2,124645
3,127,0,6,1,0,0,2,5,124641
3,108,1,9,0,0,1,2,2,124631
3,115,0,1,1,0,0,1,2,124603
3,121,1,3,1,1,1,2,4,124562
3,124,0,0,0,0,0,1,4,124554
3,110,1,3,1,0,1,1,4,124487
3,116,0,9,1,0,0,1,5,124476
3,123,1,3,0,0,1,1,3,124435
3,123,0,7,0,0,0,1,5,124426
3,122,1,9,0,0,1,1,3,124412
3,122,0,4,2,1,0,1,5,124404
3,122,0,1,1,1,0,1,2,124396
3,110,1,0,2,0,1,2,4,124374
3,120,0,3,0,1,0,2,5,124373
3,124,0,9,0,0,0,2,5,124373
3,115,1,2,0,0,1,2,4,124357
3,122,0,7,1,0,0,1,3,124342
3,108,1,10,0,0,1,2,2,124321
3,112,1,5,2,1,1,2,4,124313
3,123,0,0,1,0,0,1,5,124300
3,111,0,6,2,0,0,2,3,124180
3,120,0,6,1,0,0,1,3,124163
3,123,1,7,0,0,1,1,4,124129
3,114,1,0,2,1,1,2,4,124124
3,123,0,8,0,0,0,2,3,124123
3,113,1,2,0,0,1,2,5,124115
3,110,1,8,1,0,1,2,2,124062
3,109,1,1,0,0,1,1,4,124043
3,117,0,2,0,0,0,1,2,123945
3,128,0,1,1,0,0,2,4,123884
3,120,0,6,1,0,0,1,4,123843
3,108,1,9,0,0,1,1,3,123825
3,128,0,4,0,0,0,2,3,123800
3,110,1,2,0,0,1,2,4,123740
3,113,1,10,1,0,1,1,5,123711
3,115,1,10,1,0,1,2,3,123702
3,115,0,1,1,0,0,2,5,123701
3,113,1,9,0,0,1,2,3,123663
3,113,1,1,0,1,1,2,2,123620
3,112,1,5,2,0,1,2,5,123602
3,111,1,4,0,0,1,1,2,123572
3,108,1,5,0,0,1,2,4,123558
3,107,1,3,1,0,1,1,4,123526
3,112,0,7,2,0,0,1,3,123502
3,110,1,9,2,0,1,1,4,123482
3,120,0,6,0,0,0,2,4,123472
3,121,1,0,0,0,1,1,4,123468
3,114,1,2,0,0,1,2,3,123449
3,112,1,5,0,1,1,2,2,123411
3,118,1,6,1,0,1,1,3,123342
3,106,1,10,1,0,1,1,2,123324
3,119,1,2,0,0,1,1,4,123324
3,123,0,0,0,0,0,2,5,123313
3,113,1,3,0,0,1,1,3,123281
3,122,0,6,0,0,0,1,3,123232
3,124,1,3,0,0,1,1,4,123223
3,108,1,7,1,0,1,2,4,123073
3,124,0,6,0,1,0,1,4,123046
2,108,1,5,2,0,1,2,1,123041
3,114,1,9,0,0,1,2,2,123024
3,123,1,7,0,0,1,2,4,123019
3,125,1,0,0,1,1,2,5,122986
3,123,0,4,0,1,0,2,2,122955
3,117,1,7,0,0,0,2,2,122918
3,113,1,5,1,0,1,1,4,122905
3,123,1,1,0,0,1,1,4,122903
3,115,1,9,0,1,1,1,2,122897
3,121,1,2,0,0,1,1,3,122880
3,118,1,9,1,0,1,1,3,122823
3,109,0,5,1,0,0,1,1,122809
3,117,1,3,0,0,1,2,2,122748
3,111,1,5,0,0,1,2,4,122720
3,110,1,4,1,0,1,2,3,122710
3,109,1,5,0,0,1,1,3,122650
3,125,0,9,0,0,0,2,3,122635
3,111,1,7,0,0,1,1,3,122625
3,121,1,8,0,0,1,2,3,122606
3,124,1,10,0,0,1,1,3,122601
3,117,1,5,0,0,1,2,5,122601
3,111,1,1,0,0,1,1,4,122548
3,106,1,7,1,0,1,1,2,122546
3,124,0,5,0,0,0,1,5,122542
3,116,1,0,1,0,1,2,5,122478
3,123,1,5,0,1,1,1,4,122410
3,113,1,9,2,0,1,1,5,122364
3,122,1,8,0,0,1,2,5,122343
3,123,1,6,0,0,1,1,3,122325
3,111,0,4,1,0,0,2,2,122325
3,120,1,3,0,1,1,2,4,122311
3,110,1,9,0,0,1,1,3,122307
3,113,1,0,0,0,1,1,2,122216
3,126,0,3,0,0,0,2,5,122200
3,118,1,4,0,0,1,1,4,122199
3,115,0,6,0,0,0,1,1,122160
3,123,1,6,0,0,1,2,3,122112
3,118,0,4,0,0,0,1,2,122094
3,114,1,4,2,0,0,1,5,122070
3,124,0,2,0,0,0,2,3,121993
3,109,1,3,0,0,1,2,2,121947
3,116,0,2,1,0,0,2,3,121815
3,116,1,7,1,0,1,1,4,121812
3,118,0,8,1,0,0,2,2,121773
3,120,0,7,1,0,0,1,2,121617
3,120,0,1,1,0,0,2,5,121579
3,105,1,1,0,0,1,1,3,121489
3,123,0,1,1,1,0,1,4,121458
3,107,1,2,0,0,1,1,3,121444
3,118,0,3,1,0,0,2,5,121419
3,120,1,1,0,1,1,1,5,121419
3,112,1,2,0,0,1,2,2,121355
3,118,0,4,1,0,0,1,4,121331
3,121,0,5,0,0,0,2,5,121326
3,104,0,10,0,0,0,1,1,121278
3,104,1,5,2,0,1,1,5,121252
3,112,1,2,1,0,1,1,5,121236
3,124,0,3,0,1,0,2,3,121226
3,111,1,5,0,0,1,1,3,121152
3,108,0,6,2,0,0,1,3,121136
3,115,0,9,0,0,1,1,5,121122
3,119,0,0,1,0,0,2,4,121107
3,114,0,1,1,0,0,2,4,121035
3,112,1,3,1,0,1,2,5,121022
3,105,1,9,0,1,1,1,5,121009
3,118,0,2,0,0,0,1,3,120946
3,111,0,5,2,0,0,1,4,120896
3,121,0,5,2,0,0,1,4,120801
3,119,0,5,2,0,0,2,3,120797
3,109,0,4,2,0,0,1,3,120794
3,117,0,8,1,0,0,1,4,120794
3,114,1,7,1,0,0,2,5,120794
3,119,1,9,0,0,1,1,4,120778
3,116,0,9,0,1,0,1,3,120735
3,120,0,8,0,0,0,2,2,120715
3,126,0,4,0,0,0,2,5,120626
3,117,0,9,1,0,0,2,3,120590
3,118,0,7,1,1,0,1,3,120521
3,112,0,5,1,0,0,1,2,120519
3,120,0,4,0,0,0,2,3,120471
3,122,0,5,0,0,0,1,2,120394
3,123,0,1,0,0,0,2,4,120378
3,122,0,7,0,0,0,2,3,120334
3,116,0,8,0,0,0,2,2,120317
3,110,1,7,0,0,1,1,2,120263
3,117,0,7,0,0,0,1,4,120213
3,117,0,10,0,0,0,1,2,120189
3,128,0,2,0,0,0,2,5,120122
3,116,1,5,0,0,1,2,5,120115
3,104,1,0,0,0,1,1,5,120043
3,112,0,6,1,0,0,2,5,120003
3,109,1,10,0,0,1,1,5,119989
3,113,0,1,0,0,0,1,3,119957
3,119,0,6,0,1,0,2,5,119885
3,109,0,7,0,0,0,2,2,119874
3,114,1,6,0,1,1,2,4,119833
3,105,0,1,1,0,0,1,2,119824
3,117,0,7,0,1,0,1,3,119727
3,108,0,1,1,0,0,2,2,119703
3,114,1,7,0,0,1,1,5,119640
3,107,1,5,0,0,1,1,2,119520
3,119,0,3,0,0,0,2,4,119517
3,110,1,7,1,0,1,1,4,119488
3,118,0,3,0,0,0,2,2,119410
3,113,0,7,1,0,0,2,2,119376
3,122,0,5,1,0,0,1,5,119239
3,107,1,9,1,1,1,1,4,119228
3,118,0,7,0,0,0,2,4,119167
3,115,0,2,1,0,0,2,5,119159
3,122,0,4,1,0,0,1,3,118945
3,110,1,10,1,0,1,1,4,118899
3,110,1,6,0,0,1,1,3,118895
3,104,1,5,0,0,1,1,4,118883
3,127,0,5,0,0,0,2,5,118866
3,107,1,2,1,0,1,1,3,118865
3,121,0,3,1,1,0,1,5,118825
3,110,1,3,1,0,1,1,3,118785
3,108,0,2,1,0,0,2,5,118777
3,115,0,6,0,0,0,2,4,118734
3,111,0,8,1,0,0,2,3,118645
3,113,1,3,0,0,1,2,5,118614
3,121,0,5,0,0,0,2,5,118505
3,112,0,7,0,0,0,2,4,118503
3,108,0,8,0,0,0,1,2,118482
3,112,0,5,0,0,0,2,4,118436
3,112,1,0,0,0,1,1,5,118424
3,108,1,4,0,0,1,2,3,118295
3,120,0,7,1,0,0,1,5,118262
3,121,0,0,0,0,0,1,2,118212
3,114,0,3,0,0,0,2,5,118187
3,115,0,2,0,0,0,2,5,118183
3,114,0,5,1,0,0,2,5,118181
3,113,0,0,0,0,0,2,4,118085
3,111,1,7,0,0,1,2,4,118053
3,111,0,6,1,0,0,1,2,117962
3,121,0,2,1,0,0,1,3,117952
3,113,1,3,0,0,1,2,3,117901
3,118,0,6,0,0,0,1,4,117856
3,115,0,7,1,0,0,1,5,117854
3,123,0,8,0,0,0,2,5,117845
2,108,1,0,0,0,1,2,1,117839
3,113,0,8,1,0,0,2,3,117836
3,113,0,0,1,0,0,2,4,117744
2,101,1,1,1,0,1,2,1,117700
3,116,0,10,0,0,0,1,2,117642
3,115,0,9,2,1,0,1,4,117642
3,113,1,0,0,0,1,2,5,117588
3,114,0,5,2,0,0,1,5,117557
3,107,1,10,0,0,1,1,2,117539
3,110,0,7,0,0,0,2,4,117537
3,113,0,5,1,0,0,2,5,117528
3,112,1,0,0,0,1,2,3,117497
3,110,1,4,0,0,1,1,4,117449
3,111,0,6,0,0,0,2,4,117430
3,115,0,9,1,0,0,2,4,117374
3,120,0,7,1,0,0,1,4,117333
3,123,0,6,0,0,0,1,5,117322
3,110,0,9,0,0,0,2,4,117301
3,111,0,3,1,0,0,2,3,117225
3,108,0,8,1,1,0,1,2,117221
3,115,0,1,0,0,0,1,4,117092
3,123,0,10,0,0,0,2,4,117083
2,103,1,5,1,1,1,1,1,117075
3,124,0,10,0,0,0,1,4,117072
3,113,0,5,1,1,0,1,3,117047
3,113,0,0,0,0,0,1,5,117036
3,109,0,6,0,0,0,2,3,116959
3,112,0,4,0,1,0,1,5,116906
3,109,0,0,1,0,0,1,4,116883
3,112,0,7,0,0,0,1,5,116744
3,109,1,5,0,0,1,2,4,116719
3,109,0,8,1,0,0,1,5,116704
3,106,1,3,0,0,0,1,2,116622
3,111,0,5,2,0,0,1,5,116584
3,109,0,4,1,0,0,2,2,116529
3,120,0,1,0,0,0,1,5,116451
3,114,0,3,1,0,0,2,4,116450
3,108,0,5,0,0,0,1,4,116426
3,115,0,9,0,0,0,2,4,116413
3,112,0,6,2,0,0,2,3,116386
3,107,0,10,1,0,0,1,5,116367
3,111,0,0,1,1,0,1,3,116290
3,116,0,2,0,1,0,2,5,116289
3,108,0,4,1,0,0,1,4,116246
3,110,1,7,0,0,1,2,5,116174
3,120,0,2,0,0,0,1,4,116071
3,110,0,2,1,0,0,2,4,115961
3,104,1,9,1,0,1,1,5,115921
3,105,1,3,0,1,1,1,3,115914
2,100,1,8,2,0,1,1,1,115881
3,107,0,3,1,0,0,1,3,115839
3,112,0,5,0,0,0,1,5,115809
3,106,0,5,0,0,0,1,3,115786
3,110,0,7,0,0,0,2,4,115742
3,108,0,1,1,0,0,2,4,115738
3,112,0,5,1,0,0,1,4,115693
3,124,0,10,0,0,0,1,3,115659
3,104,1,2,1,0,1,1,4,115597
3,114,0,7,0,0,0,2,4,115562
3,119,0,7,0,0,0,2,4,115525
3,109,0,2,1,0,0,2,3,115499
3,105,0,2,1,0,0,1,5,115429
3,107,0,4,2,0,0,1,3,115328
3,113,0,7,0,0,0,1,5,115319
3,111,0,5,0,0,0,1,4,115261
3,106,0,5,0,1,0,1,2,115186
3,111,0,5,1,0,0,1,3,115123
2,104,1,5,1,0,1,1,1,115092
3,110,0,5,0,0,0,2,5,115072
3,109,1,1,0,0,1,1,4,114947
2,102,1,7,0,0,1,1,1,114896
3,111,0,6,0,0,0,1,4,114727
2,107,1,10,1,0,1,2,1,114710
3,110,0,2,1,0,0,2,3,114644
3,112,0,10,0,0,0,1,4,114606
3,110,0,5,0,0,0,2,4,114550
3,111,0,2,0,0,0,1,2,114447
3,104,0,0,1,0,0,1,5,114435
3,111,0,2,0,0,0,2,4,114431
3,109,0,1,0,1,0,2,4,114210
3,114,0,0,1,0,0,1,3,114169
3,106,0,1,2,0,0,1,3,114149
3,116,0,4,0,0,0,1,4,114137
3,120,0,1,0,0,0,2,3,114136
3,113,0,6,1,0,0,1,4,114099
3,110,1,0,0,0,0,1,3,114060
3,116,0,9,0,0,0,2,5,113987
3,105,1,3,0,0,1,1,3,113985
3,115,0,8,0,0,0,2,3,113971
2,100,1,5,2,1,1,1,1,113879
3,106,1,7,0,1,1,1,5,113815
3,111,0,5,0,1,0,2,4,113810
3,114,0,1,0,0,0,2,5,113778
3,107,0,8,1,0,0,1,4,113768
2,96,1,9,0,0,1,1,1,113739
3,105,0,7,1,0,0,1,4,113695
3,105,0,8,0,0,0,1,3,113553
3,112,0,10,0,0,0,1,3,113521
3,106,1,0,0,0,1,1,3,113479
3,110,0,2,1,0,0,1,3,113426
2,99,1,9,0,0,1,2,1,113314
2,92,1,6,1,0,1,2,1,113267
3,113,0,9,0,0,0,2,3,113134
3,111,0,6,1,0,0,1,5,113083
2,101,0,1,2,0,0,2,1,113041
2,102,0,0,0,0,1,1,1,112997
2,97,1,7,1,0,1,2,1,112910
3,105,0,4,1,0,0,1,5,112832
2,91,1,9,1,0,1,1,1,112591
3,107,0,7,0,0,0,1,5,112561
3,107,0,6,0,0,0,1,5,112545
3,112,0,8,0,0,0,2,4,112455
3,105,0,8,0,0,0,1,3,112332
3,115,0,2,0,0,0,1,3,112231
2,97,1,8,0,0,1,2,1,112228
3,108,0,5,0,0,0,2,4,112154
2,88,1,5,2,1,1,1,1,112106
2,98,1,6,0,0,1,2,1,112064
3,108,0,0,0,0,0,2,4,112054
2,106,0,2,0,0,0,2,1,111936
3,111,0,0,0,1,0,1,4,111896
2,104,1,5,1,1,1,1,1,111770
3,107,0,7,0,0,0,1,5,111737
3,112,0,4,0,0,0,1,3,111718
3,111,0,6,0,0,0,2,4,111696
3,104,0,6,0,0,0,1,5,111664
3,108,0,9,1,0,0,1,3,111600
3,108,0,7,0,0,0,2,3,111497
2,99,1,3,0,0,1,2,1,111346
2,97,1,8,0,1,1,2,1,111250
3,110,0,9,0,0,0,2,3,111218
2,104,0,10,1,0,0,2,1,111133
3,111,0,2,0,0,0,1,4,111102
2,84,0,8,2,0,1,1,1,111097
2,103,0,2,1,0,0,2,1,111059
2,98,1,9,0,0,1,1,1,110926
2,100,1,6,0,0,0,2,1,110860
2,88,1,7,1,0,1,2,1,110836
2,100,1,3,1,1,1,1,1,110754
3,104,0,7,0,0,0,1,2,110669
2,95,0,9,2,0,0,1,1,110529
2,102,0,1,1,0,0,1,1,110496
2,104,0,4,0,0,0,1,1,110405
3,111,0,4,0,0,0,1,5,110058
2,91,1,7,0,0,1,2,1,110006
2,96,1,1,0,0,1,1,1,109949
2,100,1,7,1,0,1,2,1,109944
2,93,1,9,0,0,1,1,1,109819
3,105,0,3,0,0,0,1,4,109800
2,101,0,6,1,0,0,2,1,109776
2,98,1,7,0,0,1,2,1,109757
3,108,0,5,0,0,0,2,4,109673
2,107,0,2,1,0,0,2,1,109578
2,97,1,9,1,0,1,2,1,109410
2,88,1,2,0,0,1,1,1,109357
2,88,1,6,1,0,1,1,1,109339
2,101,0,0,1,0,0,2,1,109236
3,104,0,5,0,0,0,1,4,109212
2,108,1,1,1,1,1,2,2,109185
2,103,1,1,1,0,1,1,1,109122
2,104,1,4,0,0,0,1,1,109074
2,105,0,9,2,0,0,2,1,108989
2,108,1,4,1,0,1,2,2,108972
2,103,1,10,1,0,1,1,2,108966
2,108,1,5,1,0,1,2,2,108946
2,104,1,3,1,1,1,1,1,108909
2,96,1,9,0,0,1,2,1,108907
2,100,1,0,0,0,1,1,1,108834
2,87,1,7,1,1,1,1,1,108832
2,88,1,2,0,0,1,1,1,108823
2,103,1,1,0,0,1,1,1,108567
3,104,0,4,0,0,0,1,4,108562
2,98,0,9,1,0,0,2,1,108527
2,99,1,0,1,0,1,2,1,108487
2,101,1,6,0,1,1,2,1,108324
2,99,0,3,1,0,0,2,1,108310
2,90,1,8,0,1,1,2,1,108177
2,105,1,1,2,0,1,2,4,108024
2,95,1,3,1,0,1,1,1,107970
3,104,0,5,0,0,0,1,3,107753
2,108,0,5,0,0,0,2,1,107679
2,102,0,8,0,0,0,2,1,107522
2,97,0,1,0,0,0,2,1,107448
2,106,1,6,2,0,1,2,4,107385
2,103,1,5,1,0,1,1,2,107265
2,96,1,8,1,0,1,1,1,107134
2,96,1,3,0,0,1,1,1,107014
2,104,0,3,0,0,1,2,2,106746
3,105,0,3,0,0,0,1,5,106706
2,101,0,3,0,0,0,2,1,106626
2,95,0,0,2,0,0,2,1,106586
3,105,0,1,0,0,0,1,5,106503
2,107,1,8,1,0,1,2,2,106363
3,104,0,10,0,1,0,1,3,106345
2,101,1,2,0,0,1,1,1,106269
2,104,1,4,2,0,1,2,5,106250
2,90,1,6,2,0,1,2,1,106244
2,88,1,1,2,0,1,2,1,106177
2,105,1,5,2,0,1,2,3,106098
2,97,1,3,0,1,1,1,1,106072
2,108,0,9,0,0,0,2,1,106017
2,103,1,3,1,0,1,2,2,105840
2,98,0,4,1,1,0,1,1,105769
2,106,0,5,1,0,0,2,1,105534
2,103,1,6,0,0,1,1,1,105506
2,98,0,4,1,0,0,2,1,105436
2,96,1,5,2,0,1,2,2,105351
2,99,0,4,1,0,0,2,1,105328
2,94,1,7,1,0,1,2,1,105327
2,90,1,4,2,0,1,2,1,105260
2,101,0,6,0,0,0,2,1,105116
2,97,1,0,2,0,1,1,2,104931
2,106,1,1,1,0,1,2,2,104751
2,102,1,0,0,0,1,1,2,104729
2,100,1,3,0,0,1,2,1,104660
2,91,1,8,0,0,1,1,1,104659
2,89,1,1,0,0,1,1,1,104646
2,107,1,10,0,0,1,2,2,104523
2,100,0,4,0,0,0,2,1,104463
2,104,1,6,0,0,1,2,2,104431
2,101,1,6,2,0,1,1,5,104303
2,100,0,1,1,0,0,2,1,104260
2,98,1,3,0,0,1,1,1,104174
2,100,0,5,1,0,0,1,1,104028
2,98,0,1,0,0,0,1,1,104010
2,103,1,2,1,0,1,1,4,103767
2,104,1,9,1,0,1,2,5,103671
2,90,0,10,0,0,0,2,1,103602
2,97,0,8,2,0,0,1,1,103572
2,103,0,10,0,0,0,2,1,103501
2,88,1,0,0,0,1,1,1,103493
2,106,1,6,1,0,1,2,5,103470
2,91,1,9,1,1,1,2,2,103426
2,106,1,5,0,1,1,2,3,103288
2,100,1,9,0,0,1,2,2,103234
2,86,1,3,1,0,1,1,1,103189
2,95,1,10,0,0,1,1,1,103055
2,105,1,6,0,0,1,2,2,103052
2,107,1,9,0,0,1,2,3,103019
2,100,1,7,0,0,1,1,2,102985
2,97,1,9,0,0,1,1,1,102974
2,89,1,4,1,0,1,2,1,102933
2,105,0,8,0,0,0,2,1,102921
2,88,1,0,1,0,1,2,1,102774
2,100,1,7,1,0,1,2,4,102721
2,99,1,7,1,0,1,2,3,102570
2,106,0,0,2,0,0,2,3,102557
2,104,1,9,0,0,1,1,2,102367
2,90,1,4,1,0,1,1,1,102332
2,102,1,2,1,1,1,1,5,102328
2,103,1,5,1,0,1,2,5,102283
2,95,1,8,1,0,1,2,2,102250
2,98,1,5,1,0,1,1,2,102192
2,93,1,9,2,0,1,2,3,102186
2,89,0,2,0,0,0,2,1,102167
2,95,1,5,2,0,1,1,5,102158
2,100,0,4,1,0,1,2,2,102142
2,98,0,1,1,0,0,2,1,102117
2,106,1,3,1,0,1,2,3,102102
2,101,1,3,2,0,1,1,4,102102
2,103,1,3,1,0,1,1,5,102085
2,108,1,9,0,0,1,2,3,102065
2,104,1,3,2,0,1,1,3,101780
2,95,1,5,0,0,1,2,2,101779
2,107,0,7,0,0,0,2,2,101779
2,95,1,2,1,0,1,1,2,101656
2,107,1,7,0,0,1,2,2,101648
2,107,0,9,1,0,1,2,5,101620
2,107,1,1,1,1,1,2,5,101593
2,95,1,2,2,0,1,1,2,101568
2,98,1,2,0,1,0,1,1,101427
2,98,0,1,0,0,0,2,1,101407
2,99,0,4,0,1,0,1,1,101364
2,108,0,9,1,0,0,2,2,101340
2,96,1,9,2,0,1,2,4,101337
2,106,0,9,1,0,0,2,2,101316
2,104,1,6,0,0,1,2,2,101300
2,105,1,9,0,0,1,2,2,101220
2,99,1,6,1,0,1,1,2,101189
2,100,1,2,0,0,1,2,2,101161
2,97,1,3,2,0,1,1,2,101071
2,101,1,5,2,0,1,1,5,101036
2,84,0,6,1,0,0,1,1,100985
2,102,1,9,1,0,1,1,4,100976
2,106,1,9,0,0,1,2,3,100907
2,104,0,0,1,0,0,2,2,100843
2,100,0,6,1,0,0,2,2,100841
2,98,1,8,1,0,1,2,2,100822
2,104,1,10,0,0,1,1,3,100760
2,89,1,0,2,0,1,2,5,100755
2,101,1,3,1,0,1,1,4,100730
2,98,1,5,0,0,1,2,2,100721
2,94,1,0,0,0,1,2,2,100638
2,94,1,3,1,0,1,2,2,100624
2,99,1,4,1,0,1,1,5,100608
2,100,1,10,1,0,1,1,3,100578
2,89,1,2,1,0,1,1,2,100492
2,90,0,10,0,0,0,2,1,100485
2,104,1,1,0,1,1,2,2,100448
2,104,1,8,0,0,1,1,2,100371
2,104,0,8,2,0,0,2,4,100352
2,105,1,1,0,0,1,2,2,100345
2,94,0,10,1,0,0,2,1,100341
2,95,1,4,0,0,1,2,2,100322
2,99,1,3,2,0,1,2,3,100313
2,104,1,3,1,0,1,1,3,100287
2,105,1,7,0,0,1,2,4,100197
2,106,0,1,0,0,0,2,2,100149
2,106,1,9,0,1,1,2,3,100141
2,100,1,3,0,0,1,2,4,100068
2,85,1,5,1,0,1,1,1,100051
2,104,0,5,2,1,0,1,3,100019
2,97,0,0,0,0,0,2,1,100006
2,94,1,9,0,0,1,1,2,100001
2,87,0,0,0,0,0,1,1,99972
2,97,1,10,0,0,1,2,2,99955
2,93,1,2,1,0,1,1,2,99933
2,100,0,6,0,1,0,1,1,99884
2,101,1,10,0,1,1,2,5,99882
2,96,1,9,1,1,1,2,4,99874
2,97,1,5,0,0,1,1,2,99813
2,103,1,1,0,0,1,1,2,99569
2,101,0,4,2,1,0,2,2,99534
2,102,0,0,0,0,0,2,1,99534
2,104,1,6,0,0,1,1,5,99524
2,92,1,0,0,1,1,2,1,99460
2,102,1,2,0,0,1,1,4,99417
2,107,0,2,1,0,0,2,4,99386
2,98,1,4,1,0,1,1,4,99360
2,98,0,3,0,1,0,2,1,99357
2,103,1,1,0,0,1,2,3,99343
2,96,1,1,2,0,1,1,4,99272
2,86,1,4,0,0,1,1,1,99242
2,104,1,8,1,0,1,2,4,99201
2,100,1,9,1,0,1,1,3,99199
2,99,1,7,1,0,1,2,4,99179
2,99,1,10,1,0,1,2,3,99033
2,99,0,7,0,0,0,1,1,98783
2,108,0,6,0,0,0,2,2,98745
2,99,0,9,0,0,0,1,1,98690
2,93,0,3,0,0,0,1,1,98589
2,98,0,0,0,1,0,1,1,98577
2,97,0,1,1,0,0,1,1,98569
2,92,1,2,0,0,1,1,2,98384
2,101,0,9,0,0,0,2,1,98319
2,102,0,1,1,0,0,1,2,98314
2,98,1,8,0,0,1,2,4,98310
2,100,1,2,2,0,1,1,4,98276
2,104,0,5,0,1,0,2,2,98263
2,101,0,8,0,0,0,1,1,98178
2,94,1,7,1,1,1,2,4,98114
2,108,0,9,0,0,0,2,2,98065
2,101,1,4,0,1,1,1,2,98060
2,100,1,0,1,0,1,1,3,98032
2,107,0,0,0,0,0,2,2,97962
2,91,0,8,0,0,0,2,1,97936
2,98,0,4,2,0,0,2,5,97908
2,96,0,0,1,0,0,2,1,97871
2,107,1,2,0,0,1,2,3,97836
2,98,1,6,1,0,1,2,4,97663
2,93,1,7,1,0,1,2,4,97628
2,85,0,4,0,0,0,1,1,97552
2,99,0,1,1,0,0,1,2,97541
2,86,1,3,2,0,1,1,4,97513
2,104,0,2,1,0,0,1,2,97511
2,108,0,5,1,0,0,2,5,97495
2,88,0,3,0,0,0,1,1,97487
2,102,1,3,1,0,1,2,5,97485
2,94,1,2,1,0,1,2,3,97481
2,95,1,0,0,0,1,2,5,97456
2,103,1,4,0,0,1,2,4,97435
2,92,0,3,0,1,0,2,1,97415
2,102,1,4,1,0,1,1,3,97327
2,97,1,7,0,0,1,1,2,97320
2,97,0,1,0,0,0,1,1,97226
2,96,1,6,0,1,1,2,3,97205
2,101,0,3,1,0,0,1,2,97185
2,98,1,10,0,0,1,1,3,97116
2,89,1,3,0,0,1,1,2,97089
2,102,1,1,1,0,1,1,4,97057
2,97,1,0,1,0,1,1,5,97019
2,96,0,5,0,1,0,1,1,96961
2,107,0,0,0,0,0,2,5,96939
2,95,1,5,0,0,1,2,4,96924
2,89,1,7,0,0,1,2,2,96904
2,91,1,0,2,0,1,2,4,96863
2,99,0,0,0,0,1,1,4,96702
2,101,1,3,1,0,1,1,3,96694
2,96,0,2,1,0,1,1,4,96659
2,88,0,6,0,0,0,1,1,96637
2,104,1,8,0,1,1,2,4,96625
2,98,1,2,0,0,1,1,2,96620
2,103,0,10,0,0,0,2,2,96618
2,98,1,1,1,0,1,2,5,96568
2,103,0,1,1,0,0,2,5,96556
2,84,1,3,2,0,1,1,2,96456
2,95,1,6,1,0,1,2,3,96452
2,101,1,5,0,0,1,1,4,96445
2,98,1,5,0,0,1,2,3,96422
2,94,1,7,0,0,1,2,5,96421
2,100,1,3,0,0,1,1,2,96370
2,99,1,5,0,0,1,1,5,96366
2,95,1,2,1,0,1,2,5,96352
2,98,1,8,0,0,1,2,5,96335
2,98,1,3,1,0,1,1,4,96320
2,98,1,6,1,0,1,1,4,96268
2,104,0,5,0,0,0,1,2,96265
2,91,1,7,2,0,1,1,5,96230
2,98,0,4,1,0,0,2,2,96212
2,96,0,1,2,0,0,2,4,96208
2,91,1,2,2,0,1,1,4,96207
2,99,1,10,0,0,1,1,5,96168
2,100,1,6,0,0,1,1,5,96146
2,105,0,7,0,0,0,2,4,96113
2,99,1,6,0,0,1,1,2,96088
2,92,1,8,1,0,1,1,3,96087
2,96,1,10,1,0,1,1,5,96068
2,97,1,3,1,0,1,2,3,96063
2,108,0,9,0,0,0,2,5,96028
2,87,1,8,0,1,1,1,2,96017
2,86,1,7,2,1,1,1,2,95998
2,96,1,6,0,0,1,2,5,95977
2,98,1,8,0,0,1,1,4,95932
2,106,0,8,1,0,0,2,3,95928
2,89,1,10,1,0,1,2,3,95909
2,97,0,9,1,0,0,1,2,95820
2,102,0,9,2,0,0,1,4,95770
2,102,1,5,0,0,1,1,3,95719
2,91,1,0,0,0,1,2,2,95681
2,88,0,8,0,0,0,2,1,95674
2,98,1,9,0,0,1,1,4,95664
2,103,1,8,0,1,1,2,4,95637
2,91,0,8,1,0,0,2,1,95609
2,101,1,10,0,0,1,1,3,95536
2,98,0,8,2,0,0,1,5,95509
2,94,0,2,1,0,0,2,2,95494
2,92,1,6,1,0,1,1,3,95464
2,95,1,1,1,0,1,2,4,95461
2,107,0,2,1,1,0,2,4,95447
2,95,1,10,0,0,1,2,5,95409
2,107,0,4,1,0,0,2,4,95296
2,96,1,9,1,1,1,1,4,95295
2,104,0,4,0,0,0,1,4,95267
2,101,0,1,2,1,0,1,3,95258
2,103,0,0,1,0,0,2,5,95199
2,102,0,8,1,0,0,1,2,95173
2,100,0,2,2,0,0,1,3,95139
2,89,0,8,1,0,0,2,2,95128
2,85,1,2,1,1,1,1,2,95127
2,91,1,6,0,0,1,1,2,95091
2,95,1,6,0,0,1,2,5,95088
2,90,1,2,1,0,1,2,3,95082
2,96,1,10,1,0,1,1,3,95052
2,106,0,0,1,0,0,2,4,94986
2,98,0,1,1,0,0,2,4,94942
2,91,0,10,1,0,1,2,4,94915
2,103,1,4,0,0,1,1,4,94902
2,98,0,6,0,0,0,1,2,94886
2,92,1,10,0,0,1,2,4,94870
2,88,1,2,2,1,1,2,5,94858
2,94,1,10,0,0,1,2,3,94815
2,94,1,2,0,0,1,2,3,94809
2,103,0,8,0,0,0,2,4,94794
2,95,1,2,1,0,1,2,5,94788
2,92,1,10,0,0,1,1,3,94776
2,93,1,1,0,0,1,2,4,94750
2,89,1,4,2,0,1,1,4,94746
2,93,0,6,1,1,0,1,2,94620
2,101,0,4,1,0,0,1,3,94602
2,103,1,3,2,0,0,1,3,94584
2,100,0,5,1,1,0,2,5,94544
2,88,0,9,0,0,0,2,1,94500
2,91,1,10,1,0,1,2,3,94482
2,96,1,2,0,0,1,1,4,94432
2,97,0,7,1,0,0,2,4,94405
2,95,0,2,0,0,0,1,2,94317
2,92,1,7,2,0,1,1,5,94316
2,90,1,2,0,0,1,2,5,94307
2,95,1,8,0,0,1,1,5,94279
2,93,1,9,0,0,1,2,3,94177
2,96,1,3,0,0,1,1,5,94172
2,94,1,8,0,0,1,2,4,94127
2,88,1,5,1,0,1,2,4,94043
2,90,1,0,2,0,0,1,2,94015
2,103,0,6,1,0,0,1,4,94013
2,107,0,2,0,0,0,2,3,93996
2,99,0,1,1,0,0,2,3,93989
2,92,0,3,2,0,0,2,4,93944
2,98,0,3,1,0,0,1,5,93895
2,96,0,8,1,0,0,1,2,93894
2,93,1,3,1,0,1,2,4,93786
2,104,0,4,1,0,0,2,3,93738
2,89,1,3,0,0,1,2,5,93655
2,101,0,1,1,0,0,1,5,93628
2,92,1,7,0,0,1,1,2,93581
2,90,1,0,1,1,1,1,5,93575
2,97,1,5,0,0,1,2,5,93574
2,105,0,10,0,0,0,2,4,93526
2,86,0,5,0,0,0,1,1,93504
2,91,1,5,0,0,1,1,2,93372
2,91,0,9,0,0,0,1,2,93371
2,96,0,9,1,0,0,2,5,93354
2,102,0,10,0,0,0,1,2,93342
2,88,0,8,1,0,0,1,2,93325
2,104,0,6,0,0,0,2,5,93323
2,84,1,3,1,0,1,1,4,93268
2,95,1,2,0,0,1,1,4,93196
2,97,1,5,0,0,1,2,5,93188
2,90,1,4,0,0,1,2,5,93150
2,94,1,4,0,1,0,1,2,93145
2,93,1,1,0,0,1,1,4,93133
2,93,0,9,0,0,0,1,2,93131
2,98,1,10,0,0,1,2,5,93111
2,104,0,4,1,0,0,1,5,93092
2,94,1,5,1,0,1,2,3,93092
2,94,0,2,1,0,0,2,5,93054
2,90,1,5,0,1,1,1,4,93053
2,97,0,10,1,1,0,1,5,93052
2,89,1,9,0,0,1,1,3,93001
2,105,0,4,0,0,0,2,4,92973
2,93,1,6,0,0,1,1,5,92964
2,103,0,6,1,0,0,1,4,92954
2,95,1,5,0,0,1,1,5,92942
2,93,1,8,0,0,1,2,5,92868
2,103,0,6,0,0,0,1,5,92845
2,96,0,4,1,0,0,2,5,92791
2,96,1,6,0,0,1,2,4,92784
2,95,1,5,0,0,1,2,4,92766
2,91,1,9,0,0,1,2,4,92744
2,103,0,2,1,0,0,1,4,92686
2,103,0,3,0,0,0,1,5,92685
2,97,0,6,0,0,0,1,2,92668
2,85,1,4,1,0,1,1,3,92615
2,92,1,5,0,0,1,2,5,92612
2,95,0,10,0,0,0,2,2,92492
2,98,0,8,0,0,0,1,2,92459
2,93,1,3,1,0,1,2,4,92420
2,93,0,2,0,0,0,1,2,92420
2,92,1,9,0,0,1,1,5,92399
2,99,0,5,1,0,0,2,3,92396
2,86,0,9,0,0,0,1,1,92378
2,99,0,5,0,0,0,2,4,92351
2,98,0,2,0,0,0,2,5,92298
2,88,1,2,1,0,1,2,5,92212
2,89,1,10,0,0,1,1,3,92212
2,98,0,8,0,1,0,2,2,92206
2,96,0,3,1,0,0,2,3,92194
2,90,1,6,0,0,1,2,5,92176
2,100,0,1,0,0,0,1,4,92159
2,97,1,2,0,0,1,1,3,92118
2,98,0,5,0,0,0,2,2,92074
2,91,1,7,1,0,1,1,4,92054
2,94,0,4,1,0,0,1,4,92036
2,87,1,10,0,0,1,1,2,92007
2,89,1,3,1,0,1,2,5,92004
2,98,0,6,0,0,0,2,5,91975
2,89,0,4,2,0,0,1,3,91939
2,103,0,3,1,0,0,2,3,91936
2,93,0,9,1,0,0,2,5,91896
2,95,0,7,1,0,0,2,4,91894
2,104,0,0,1,0,0,2,3,91878
2,97,0,2,1,0,0,1,4,91867
2,86,0,0,1,0,0,1,2,91853
2,99,0,4,0,0,0,1,4,91832
2,87,1,3,0,0,1,1,4,91810
2,91,0,4,2,0,0,1,5,91802
2,96,0,7,0,0,0,2,5,91802
2,86,1,0,0,0,1,1,5,91784
2,97,0,8,0,0,0,1,3,91745
2,100,0,2,0,0,0,1,2,91733
2,87,1,4,0,0,1,1,4,91722
2,88,0,4,0,0,0,2,2,91670
2,100,0,3,0,1,0,1,5,91667
2,90,0,2,2,0,0,2,3,91660
2,91,1,2,0,0,1,2,4,91650
2,96,0,8,0,0,0,2,4,91534
2,107,0,6,0,0,0,2,4,91514
2,87,1,8,0,1,1,1,5,91501
2,85,1,9,0,0,1,1,3,91423
2,98,0,10,0,0,0,1,4,91374
2,89,1,5,0,0,1,1,3,91348
2,93,0,3,1,0,0,1,4,91346
2,99,0,6,0,0,0,1,4,91325
2,88,1,8,0,0,1,2,4,91303
2,95,1,6,0,0,1,2,3,91254
2,90,0,7,0,0,0,1,2,91182
1,87,1,9,2,0,1,2,1,91177
2,105,0,0,0,0,0,2,5,91144
2,100,0,7,0,0,0,1,4,91143
2,91,0,8,0,0,0,1,2,91142
2,98,0,9,1,1,0,2,5,91099
2,95,1,1,0,0,1,1,3,91012
2,98,0,1,1,0,0,1,4,91004
2,102,0,1,1,0,0,1,3,90942
2,88,0,1,1,0,0,2,2,90775
2,90,0,0,1,0,0,2,4,90773
2,88,0,2,1,0,0,2,2,90702
2,92,1,10,0,0,1,2,5,90655
2,90,1,7,0,0,1,2,3,90644
2,101,0,4,1,0,0,1,3,90637
2,93,1,5,0,1,1,2,4,90597
2,90,1,6,0,0,1,2,5,90591
2,84,0,5,2,0,0,1,2,90556
2,97,0,10,0,0,0,1,2,90548
2,88,1,3,0,1,1,2,3,90523
2,93,1,8,0,0,1,1,3,90451
2,90,1,5,0,0,1,1,3,90367
2,95,1,4,0,0,1,1,3,90359
2,84,0,6,1,0,0,1,2,90292
2,99,0,5,0,0,0,1,3,90251
2,97,0,0,1,0,0,1,4,90222
1,86,1,7,0,0,1,2,1,90032
2,99,0,5,1,0,0,1,3,90016
2,93,1,1,0,0,0,2,3,90014
2,97,0,2,0,0,0,2,3,89962
2,92,0,6,1,1,0,1,3,89934
2,96,0,8,0,0,0,2,5,89887
2,90,0,4,0,0,0,1,2,89873
2,99,0,0,0,0,0,1,4,89849
2,95,0,6,0,0,0,2,4,89817
2,90,0,9,1,0,0,2,4,89761
2,102,0,7,0,0,0,2,3,89747
2,88,1,8,0,0,1,1,4,89730
2,89,0,0,2,1,0,2,4,89680
2,84,1,4,0,0,1,1,4,89663
2,98,0,8,0,0,0,1,2,89646
2,103,0,5,0,0,0,1,5,89583
2,88,0,8,1,0,0,2,3,89562
2,100,0,9,1,0,0,1,3,89520
2,84,0,1,0,0,0,1,2,89510
2,95,0,5,0,0,0,2,4,89441
2,89,1,2,0,0,1,1,5,89438
2,93,0,2,0,0,0,1,2,89435
2,95,0,10,0,0,0,1,3,89413
2,86,0,9,0,0,0,1,2,89411
2,88,0,3,0,0,0,2,2,89318
2,85,0,5,2,0,0,1,5,89300
2,93,0,5,0,0,0,1,5,89297
2,95,0,1,0,0,0,1,4,89276
2,98,0,6,1,0,0,1,3,89249
2,94,0,5,1,0,0,2,5,89231
2,90,0,3,1,0,0,2,5,89230
2,90,0,1,1,0,0,2,5,89222
2,93,0,5,1,0,0,1,3,89152
2,89,0,5,2,0,0,1,4,89108
2,100,0,1,0,0,0,2,3,89055
2,93,0,10,0,0,0,2,4,89025
2,92,0,6,0,0,0,1,2,89025
2,95,0,10,0,0,0,2,5,89004
2,92,1,7,0,0,1,1,4,88957
2,100,0,3,0,0,0,2,4,88943
2,91,0,6,0,0,0,2,2,88815
2,97,0,5,1,0,0,1,3,88803
2,94,0,5,1,0,0,1,5,88785
2,92,0,6,0,0,0,1,2,88643
2,89,0,10,1,0,0,1,5,88623
2,89,0,2,1,0,0,1,3,88612
2,101,0,8,0,0,0,1,4,88571
2,92,0,10,0,1,0,2,2,88531
2,100,0,7,0,0,0,2,4,88501
2,90,0,6,0,0,0,2,4,88492
2,92,0,8,1,0,0,2,4,88484
2,100,0,10,0,0,0,1,4,88417
2,93,0,0,1,0,0,2,5,88411
2,85,1,0,1,0,1,1,5,88361
2,90,0,9,0,0,0,2,4,88328
2,98,0,1,0,0,0,2,5,88314
2,86,0,1,1,0,0,1,3,88309
2,90,0,4,2,0,0,2,3,88306
1,84,0,6,2,0,1,2,1,88282
2,95,0,5,0,0,0,2,5,88254
2,94,0,10,0,1,0,1,4,88235
2,94,0,1,0,0,0,2,4,88231
2,99,0,5,0,0,0,1,3,88112
2,89,1,6,0,0,1,2,4,88105
2,98,0,3,0,0,0,2,5,88104
2,95,0,2,0,0,0,1,4,88075
1,88,0,9,2,0,0,2,1,87937
2,100,0,3,0,0,0,2,3,87884
2,90,0,8,0,0,0,1,4,87852
2,100,0,2,0,0,0,1,3,87727
2,89,0,6,0,0,0,2,2,87698
2,97,0,1,0,0,0,1,5,87650
2,93,1,5,1,0,0,1,3,87644
2,89,0,8,0,0,0,1,4,87578
2,95,0,4,0,0,0,2,5,87542
2,93,0,3,1,0,0,2,4,87503
2,86,1,5,0,0,1,1,4,87453
2,92,0,0,1,0,0,2,4,87377
2,90,0,9,0,1,0,2,4,87365
2,88,0,3,0,0,0,2,5,87268
2,91,0,5,0,0,0,1,4,87230
2,90,0,1,1,0,0,2,3,87200
2,84,1,7,0,0,1,1,4,87189
2,97,0,10,0,0,0,2,4,87179
1,76,1,7,1,0,1,2,1,87156
2,92,0,3,0,0,0,2,3,86949
2,91,0,7,1,0,0,1,3,86903
2,84,0,6,1,0,0,1,5,86891
2,93,0,0,0,1,0,1,4,86844
1,88,0,9,1,0,0,2,1,86799
2,88,0,1,1,0,0,2,4,86767
1,84,1,5,1,0,1,1,1,86667
2,95,0,1,0,1,0,1,3,86642
2,84,0,7,1,0,0,1,4,86613
2,97,0,5,0,0,0,1,5,86563
2,95,0,8,0,1,0,2,3,86561
2,92,0,3,1,0,0,1,4,86516
2,86,0,8,0,0,0,1,4,86297
2,89,0,7,1,0,0,2,3,86218
2,94,0,6,0,1,0,1,4,86180
2,88,0,1,1,0,0,2,4,86045
2,95,0,7,0,0,0,1,3,86017
2,85,0,3,1,0,0,1,2,85988
2,94,0,3,0,0,0,1,4,85868
1,78,1,7,1,0,1,1,1,85865
2,86,0,0,1,0,0,1,5,85766
2,89,0,3,0,0,0,2,4,85736
2,90,0,8,0,0,0,2,4,85382
2,91,0,6,1,0,0,1,5,85273
2,85,1,4,0,0,0,1,3,85247
2,92,0,1,0,1,0,1,3,85226
2,88,0,4,0,0,0,2,4,85221
2,85,1,6,0,0,1,1,3,85189
1,78,1,8,0,0,1,2,1,85056
2,88,0,3,0,0,0,1,3,85032
2,93,0,0,0,0,0,1,3,84975
1,79,1,5,2,0,1,1,1,84963
2,88,0,6,0,0,0,1,5,84866
2,89,0,8,0,0,0,2,3,84805
2,90,0,3,0,0,0,2,4,84740
1,83,1,3,0,0,1,1,1,84723
2,94,0,1,0,0,0,1,4,84678
2,87,0,7,0,0,0,1,3,84595
2,88,0,2,1,0,0,1,5,84562
2,85,0,7,1,0,0,1,3,84412
1,77,1,6,0,0,1,1,1,84345
2,95,0,3,0,1,0,1,3,84320
2,84,0,4,0,0,0,1,2,84094
2,86,0,4,1,0,0,1,3,83642
2,89,0,10,0,0,0,1,4,83577
1,83,0,4,1,0,0,1,1,83353
1,73,1,7,1,0,1,1,1,83303
2,89,0,2,0,0,0,1,4,83128
2,85,0,8,1,0,0,1,3,83054
1,81,1,6,2,1,1,2,1,83013
2,90,0,9,0,0,0,1,3,82943
1,71,0,0,2,0,1,1,1,82894
1,75,1,5,0,0,1,2,1,82721
2,89,0,9,0,1,0,2,3,82580
2,88,0,9,0,0,0,1,3,82575
1,81,0,1,2,1,0,2,1,82544
2,88,0,9,0,0,0,2,5,82186
2,91,0,9,0,0,0,1,5,81905
1,82,1,4,1,0,1,1,1,81839
1,69,1,1,1,1,1,2,1,81825
1,82,1,0,0,0,1,2,1,81777
2,88,0,4,0,1,0,1,4,81654
1,79,1,7,1,0,1,1,1,81283
1,84,1,4,1,0,1,2,1,81250
1,86,0,1,1,0,0,2,1,81245
1,87,1,9,0,1,1,2,1,81107
1,88,1,5,0,0,1,2,1,81014
1,80,0,7,1,0,0,2,1,80994
2,86,0,9,0,1,0,1,3,80904
1,76,0,0,1,0,0,1,1,80880
2,89,0,5,0,0,0,1,4,80810
1,78,0,1,1,0,0,1,1,80762
1,81,1,9,0,0,1,2,1,80655
1,83,1,6,0,0,0,2,1,80629
1,82,0,7,1,0,0,2,1,80585
1,84,0,1,1,0,0,1,1,80581
1,83,1,10,2,0,1,1,2,80550
1,81,0,7,0,1,0,2,1,80415
1,80,1,9,0,0,1,2,1,80163
2,86,1,0,0,0,0,1,5,80044
1,88,0,4,0,0,0,2,1,79839
2,84,0,4,0,0,0,1,4,79797
1,76,0,1,1,0,0,2,1,79791
1,82,0,6,0,0,0,2,1,79722
1,75,1,1,0,0,1,1,1,79718
1,79,1,10,1,0,1,1,1,79588
1,73,0,7,1,0,1,1,1,79521
1,68,1,6,2,0,1,1,1,79103
1,71,1,10,1,0,1,1,1,79012
1,82,0,3,1,0,0,1,1,78949
1,84,0,1,0,0,0,1,1,78897
1,76,1,9,0,0,1,1,1,78877
1,88,1,0,2,0,1,2,3,78748
1,84,0,2,0,0,0,1,1,78665
1,87,0,0,1,0,0,2,1,78391
1,71,1,3,0,0,1,1,1,78391
1,80,1,0,1,0,1,1,1,78336
1,88,0,9,1,0,0,2,1,78301
1,80,0,9,0,0,0,2,1,78002
1,87,0,1,0,0,0,2,1,77965
1,83,1,7,1,0,1,1,2,77770
1,72,1,1,1,0,1,2,1,77549
1,80,0,8,2,0,0,1,1,77438
1,83,1,8,0,0,0,1,1,77381
1,82,0,10,2,0,0,1,1,77298
1,82,0,6,0,0,0,1,1,77138
1,82,1,6,1,0,1,1,2,77075
1,79,1,4,0,0,1,2,1,77001
1,86,0,3,0,0,0,2,1,76973
1,85,1,1,1,0,1,2,2,76911
1,70,1,7,0,0,1,2,1,76900
1,85,0,2,1,0,0,2,1,76758
1,87,1,10,0,0,1,2,2,76704
1,77,1,5,1,0,1,1,1,76698
1,80,0,8,0,0,0,2,1,76644
1,73,1,8,1,0,1,1,1,76579
1,72,1,10,0,0,1,1,1,76473
1,74,0,10,0,0,0,1,1,76317
1,75,1,2,2,0,1,2,2,76273
1,88,1,1,1,0,1,2,3,76208
1,69,1,3,0,0,1,1,1,76155
1,83,1,6,2,0,1,2,3,76119
1,66,1,3,2,0,1,1,1,76095
1,76,1,1,2,0,1,2,2,76036
1,69,1,10,1,0,1,1,1,76017
1,84,1,3,1,0,1,1,2,75910
1,80,1,5,1,0,1,2,2,75907
1,73,0,1,2,0,0,2,1,75899
1,87,1,3,2,0,1,2,3,75880
1,82,1,1,2,0,1,2,4,75853
1,83,1,8,2,0,1,1,3,75714
1,82,1,4,1,0,1,1,2,75637
1,77,1,4,2,0,1,1,2,75632
1,88,0,8,1,0,0,2,2,75487
1,80,1,6,1,0,1,2,2,75264
1,86,1,8,1,0,1,2,3,75235
1,70,0,5,1,0,0,2,1,75233
1,75,1,4,1,0,1,2,2,75074
1,81,1,4,2,1,1,1,5,75067
1,79,1,9,0,0,1,1,1,74981
1,75,1,9,0,0,1,1,1,74895
1,81,1,4,1,0,1,1,2,74854
1,86,1,3,1,0,1,2,5,74834
1,74,0,2,1,0,0,2,1,74818
1,72,0,4,1,0,0,2,1,74645
1,71,1,6,1,0,1,2,1,74589
1,76,1,0,1,0,1,1,2,74572
1,76,0,3,0,0,0,2,1,74514
1,84,1,1,0,0,1,2,2,74455
1,83,1,7,0,0,1,2,2,74437
1,82,1,3,2,0,1,2,4,74392
1,82,1,2,1,0,1,2,5,74387
1,83,1,4,1,0,1,1,2,74330
1,82,1,1,0,0,1,2,2,74272
1,72,0,9,1,0,0,1,1,74123
1,87,1,2,1,0,1,2,3,74088
1,88,1,9,0,0,1,2,4,74070
1,78,1,9,0,0,1,2,2,73909
1,83,0,6,0,0,0,2,1,73868
1,76,0,1,1,0,0,1,1,73810
1,72,1,2,1,0,1,2,2,73755
1,78,1,3,2,0,1,2,4,73682
1,80,0,10,0,0,0,2,1,73667
1,78,1,5,2,0,1,2,4,73603
1,79,1,0,0,0,1,2,2,73530
1,84,1,7,1,0,1,2,3,73465
1,80,0,8,0,1,0,2,1,73415
1,80,1,3,0,0,1,1,2,73347
1,81,1,8,0,0,1,2,2,73342
1,88,1,5,1,0,1,2,5,73294
1,83,1,3,0,0,1,1,2,73254
1,83,1,0,0,0,1,2,2,73176
1,87,1,6,0,1,1,2,3,73171
1,81,1,2,2,0,1,1,3,73127
1,83,1,4,0,0,1,1,2,73042
1,82,1,3,0,0,1,2,2,73030
1,84,0,7,2,0,0,1,2,72989
1,70,0,2,0,0,0,2,1,72625
1,84,1,6,0,0,1,2,2,72498
1,77,0,6,1,0,0,1,1,72486
1,77,1,3,0,0,1,1,2,72437
1,84,0,4,1,0,0,1,2,72354
1,83,0,5,0,0,0,1,1,72329
1,87,1,2,0,0,1,2,3,72158
1,80,1,6,0,0,1,2,2,72113
1,79,1,3,1,0,1,2,5,71965
1,65,1,5,1,0,1,1,1,71923
1,70,0,1,1,0,0,2,1,71913
1,84,1,2,1,1,1,1,4,71879
1,67,0,4,2,0,0,1,1,71860
1,82,0,7,0,0,0,1,1,71834
1,82,1,9,2,0,1,1,3,71781
1,86,0,4,0,0,0,2,2,71773
1,79,1,2,1,0,1,1,4,71753
1,69,0,0,2,0,0,2,1,71742
1,79,0,7,1,0,0,2,2,71726
1,86,1,2,0,0,1,2,5,71653
1,88,1,0,0,0,1,2,3,71619
1,76,1,9,1,0,1,2,2,71616
1,71,0,0,0,0,0,2,1,71601
1,78,1,1,0,0,1,2,2,71578
1,86,1,1,0,0,1,2,4,71543
1,73,0,4,1,0,0,1,1,71525
1,87,1,6,0,0,1,2,5,71432
1,75,1,9,1,0,1,1,2,71348
1,84,1,5,1,1,1,1,4,71302
1,81,1,0,2,0,1,1,5,71250
1,86,1,3,0,0,1,2,3,71242
1,84,1,9,1,0,1,2,5,71225
1,68,1,2,0,0,1,1,1,71183
1,84,0,2,1,0,0,2,2,71150
1,82,1,5,0,1,1,1,2,71133
1,79,1,10,1,0,1,1,3,71095
1,82,0,3,1,1,0,2,2,71008
1,87,0,5,2,0,0,2,4,71000
1,68,1,7,1,0,1,2,2,70965
1,79,1,6,1,0,1,2,4,70955
1,78,1,7,0,0,1,1,2,70951
1,74,0,0,0,0,0,2,1,70945
1,71,0,2,1,0,0,1,1,70941
1,88,0,2,1,0,0,2,4,70930
1,82,1,1,0,1,1,1,2,70882
1,83,1,0,0,0,1,2,4,70863
1,84,0,3,1,1,0,2,2,70860
1,79,0,5,0,0,0,1,1,70758
1,75,0,1,0,0,0,2,1,70752
1,80,1,5,0,0,1,1,2,70689
1,84,1,9,0,0,1,2,4,70594
1,78,0,8,2,0,0,1,2,70591
1,66,1,9,1,0,1,1,2,70471
1,64,0,0,0,0,0,1,1,70457
1,74,1,1,0,0,1,2,2,70442
1,80,0,6,1,0,0,1,2,70384
1,71,1,9,1,0,1,1,2,70374
1,78,1,8,1,0,1,2,5,70319
1,76,1,9,0,0,1,1,2,70309
1,83,1,0,1,0,1,1,3,70298
1,83,0,1,2,0,0,2,4,70273
1,76,0,5,0,0,0,1,1,70249
1,72,0,4,1,0,0,2,1,70143
1,71,0,3,0,0,0,1,1,70139
1,74,1,5,0,0,1,1,2,70087
1,75,0,8,0,0,0,2,1,70066
1,83,1,0,0,0,1,1,3,70053
1,84,1,6,0,0,1,2,3,70020
1,75,1,3,1,0,1,2,5,69993
1,71,1,9,0,1,1,2,2,69911
1,78,1,7,1,0,1,2,4,69892
1,73,1,2,0,0,1,2,2,69854
1,84,1,7,0,0,1,1,3,69817
1,81,1,7,0,0,1,1,4,69798
1,84,1,10,0,0,1,1,3,69767
1,81,0,7,2,0,0,2,5,69739
1,82,0,9,1,0,0,1,2,69690
1,75,0,10,2,0,0,2,2,69624
1,83,1,6,0,0,1,2,4,69558
1,78,1,7,1,0,1,2,3,69543
1,78,1,6,1,0,1,2,3,69524
1,71,1,7,1,0,1,1,2,69473
1,74,1,2,1,0,1,2,4,69463
1,73,1,3,1,1,1,2,4,69353
1,84,0,3,1,0,0,1,2,69338
1,76,1,10,1,0,1,2,3,69197
1,66,0,1,0,0,0,1,1,69109
1,81,1,10,0,0,1,2,5,69091
1,69,0,6,0,0,0,2,1,69077
1,72,1,9,0,0,1,1,2,69069
1,79,0,7,1,0,0,2,2,69032
1,71,1,4,2,0,1,2,3,68910
1,72,1,8,2,0,1,2,3,68891
1,81,0,1,2,0,0,2,5,68824
1,81,1,10,0,0,1,2,5,68761
1,69,1,8,1,0,1,1,2,68624
1,81,1,10,0,0,1,1,4,68616
1,76,1,10,0,0,1,2,2,68581
1,71,1,0,0,0,1,2,2,68574
1,70,0,8,0,0,0,1,1,68486
1,82,1,7,0,0,1,2,3,68471
1,82,1,7,0,0,1,1,5,68376
1,84,1,9,0,0,1,1,4,68341
1,78,0,4,1,0,0,2,2,68340
1,72,1,3,0,0,1,2,2,68328
1,82,0,9,0,0,0,2,2,68281
1,78,1,4,1,0,1,2,5,68263
1,85,0,9,1,0,0,2,5,68256
1,76,0,4,1,0,0,1,2,68253
1,73,1,7,1,0,1,1,5,68229
1,81,0,7,1,0,0,1,2,68226
1,80,1,5,0,0,1,2,3,68184
1,72,1,5,0,0,1,2,2,68182
1,78,1,9,0,0,1,2,5,68142
1,68,1,9,1,0,1,1,2,68135
1,81,1,9,0,0,1,2,5,68131
1,82,1,3,0,0,1,1,3,67943
1,77,1,7,1,0,1,2,5,67942
1,80,0,1,0,0,0,2,2,67931
1,70,1,8,1,0,1,2,5,67913
1,85,0,4,1,0,0,2,5,67832
1,72,0,2,2,0,0,2,2,67796
1,82,1,6,0,0,1,2,4,67788
1,81,0,3,0,0,1,2,5,67694
1,68,1,5,0,0,1,2,2,67657
1,77,0,10,1,0,0,1,2,67556
1,76,1,6,0,1,1,2,5,67502
1,76,1,6,1,0,1,2,5,67470
1,81,1,0,0,0,1,1,5,67390
1,76,0,1,0,1,1,2,5,67308
1,78,1,0,0,0,1,2,5,67296
1,78,1,10,0,0,1,2,3,67254
1,79,1,0,0,0,1,1,3,67252
1,81,0,4,2,0,0,2,4,67231
1,80,1,8,0,0,1,1,4,67231
1,76,0,10,0,0,0,1,1,67222
1,73,0,3,2,0,0,2,2,67201
1,71,1,10,1,0,1,1,4,67148
1,65,1,10,2,0,1,1,3,67129
1,83,0,4,1,0,0,1,3,67060
1,73,1,0,1,0,1,1,5,67024
1,88,0,6,0,0,0,2,3,66998
1,82,0,9,0,0,0,1,2,66995
1,79,0,6,0,0,0,1,2,66995
1,80,1,4,0,0,1,2,5,66984
1,79,0,8,0,0,0,2,2,66980
1,77,1,0,1,0,1,1,3,66974
1,88,0,7,0,0,0,2,5,66962
1,70,1,2,0,0,1,2,2,66951
1,70,1,5,0,0,1,1,2,66935
1,67,0,6,1,0,0,1,1,66929
1,76,0,7,2,0,0,2,4,66900
1,85,0,0,1,0,0,2,4,66890
1,73,1,9,0,0,1,2,5,66886
1,84,0,6,0,0,0,1,2,66884
1,73,0,10,2,0,0,2,4,66872
1,82,0,0,2,0,0,1,5,66832
1,79,0,10,2,0,0,1,4,66830
1,78,1,9,0,0,1,1,4,66813
1,80,0,0,1,0,0,2,3,66769
1,83,0,7,0,0,0,2,2,66742
1,72,1,4,1,0,1,2,5,66742
1,75,1,8,0,0,1,2,5,66735
1,83,0,3,1,0,0,2,5,66644
1,73,1,3,1,0,1,2,5,66613
1,83,1,0,0,1,1,1,3,66568
1,70,0,3,0,0,1,1,2,66567
1,70,1,6,1,0,1,2,4,66539
1,73,1,9,1,0,1,1,4,66535
1,84,0,2,1,0,0,1,4,66487
1,79,0,2,0,0,0,2,2,66443
1,70,1,9,0,0,1,2,2,66411
1,70,1,0,1,0,1,2,4,66408
1,68,1,0,1,1,1,2,5,66370
1,68,1,8,0,1,1,1,2,66260
1,75,0,1,2,0,0,1,5,66096
1,79,0,0,1,0,0,2,5,66067
1,83,0,5,1,0,0,1,5,66051
1,76,1,4,0,0,1,1,4,66005
1,67,0,1,0,0,0,1,1,65960
1,83,0,7,1,0,0,1,5,65907
1,73,0,0,1,0,0,2,2,65901
1,79,1,2,0,0,1,2,3,65867
1,77,0,0,1,1,0,2,2,65843
1,69,0,10,2,0,0,1,2,65818
1,81,0,5,0,0,0,1,2,65782
1,66,1,9,0,0,1,1,2,65770
1,82,0,7,1,0,0,1,3,65748
1,71,1,2,1,0,1,1,5,65737
1,78,0,2,1,0,0,1,2,65722
1,75,1,8,1,0,1,1,5,65691
1,82,0,9,0,0,0,1,2,65644
1,84,0,0,0,0,0,1,2,65643
1,74,1,4,0,0,1,1,3,65630
1,73,1,6,0,0,1,2,4,65621
1,75,1,4,0,0,1,1,3,65616
1,74,0,9,2,0,0,2,4,65612
1,70,1,3,1,0,1,1,4,65610
1,77,0,4,2,0,0,1,4,65571
1,74,0,8,0,0,1,1,5,65499
1,77,0,10,0,0,0,2,2,65451
1,82,0,8,1,0,0,2,5,65392
1,73,0,9,1,0,0,2,2,65359
1,69,1,2,0,0,1,1,2,65332
1,82,0,1,0,0,0,1,2,65302
1,82,0,9,1,0,0,1,3,65297
1,79,0,5,1,0,0,2,5,65273
1,84,0,8,1,0,0,2,3,65263
1,85,0,8,0,0,0,2,3,65219
1,73,1,7,0,0,1,2,4,65081
1,84,0,2,0,0,0,1,3,65026
1,76,0,5,2,0,0,2,4,65011
1,64,1,6,2,0,1,1,4,64997
1,86,0,2,0,0,0,2,5,64951
1,70,1,9,0,0,1,2,4,64904
1,83,0,7,0,0,0,1,3,64902
1,77,1,8,0,0,1,1,5,64849
1,69,1,5,1,0,1,2,5,64835
1,69,1,5,1,0,1,2,3,64818
1,70,1,2,0,0,1,2,4,64731
1,79,0,0,1,0,0,1,5,64664
1,86,0,5,0,0,0,2,4,64620
1,76,1,8,1,1,0,2,5,64596
1,85,0,6,0,0,0,2,4,64584
1,74,1,10,0,0,1,2,5,64546
1,72,1,2,0,0,1,1,4,64525
1,88,0,4,0,0,0,2,3,64515
1,81,0,4,0,1,0,2,4,64501
1,84,0,2,0,0,0,2,5,64480
1,71,1,4,0,0,1,2,4,64462
1,83,0,0,0,0,0,1,5,64429
1,85,0,2,0,0,0,2,4,64408
1,72,0,4,1,0,0,2,2,64402
1,82,0,8,1,0,0,1,3,64378
1,80,0,5,0,0,0,2,3,64309
1,73,1,10,0,0,1,2,3,64292
1,66,1,1,0,0,1,1,2,64250
1,77,1,10,0,0,1,1,5,64234
1,77,0,1,1,0,0,2,3,64207
1,66,0,0,1,0,0,1,2,64207
1,69,1,9,0,0,1,2,4,64190
1,76,0,6,2,0,0,1,5,64184
1,79,0,2,1,0,0,1,5,64125
1,74,0,1,1,0,0,1,2,64121
1,81,0,1,0,0,0,1,2,64056
1,71,1,6,0,0,1,1,4,64054
1,75,1,4,0,0,1,1,4,64016
1,76,1,1,0,0,1,1,3,63980
1,68,0,5,2,0,0,1,2,63953
1,79,0,8,0,0,0,1,2,63919
1,84,0,0,0,0,0,2,4,63860
1,65,1,5,1,0,1,1,3,63843
1,70,1,6,0,0,1,2,4,63835
1,75,1,6,0,0,1,1,4,63817
1,74,0,0,2,0,0,1,5,63794
1,73,1,4,0,0,1,2,3,63657
1,69,1,10,0,0,1,2,3,63634
1,68,1,8,0,0,1,2,3,63609
1,75,0,6,0,0,0,2,2,63598
1,72,1,6,0,0,1,1,3,63533
1,83,0,1,0,0,0,1,5,63477
1,83,0,0,0,0,0,2,5,63476
1,64,1,7,1,0,1,1,3,63473
1,70,1,9,0,0,1,1,4,63449
1,83,0,5,0,0,0,2,4,63416
1,73,0,2,1,0,0,2,4,63384
1,67,0,6,0,0,0,1,1,63364
1,77,0,2,1,0,0,1,5,63347
1,73,1,4,0,0,1,2,5,63331
1,72,1,1,0,0,1,1,4,63317
1,70,1,10,0,0,1,1,4,63313
1,66,0,5,0,1,0,1,1,63184
1,86,0,6,0,0,0,2,3,63168
1,73,1,5,0,0,1,2,5,63156
1,68,1,8,0,0,1,1,5,63138
1,79,0,5,1,0,0,1,3,63135
1,83,0,8,0,0,0,2,4,63033
1,74,0,0,2,0,0,1,5,63007
1,72,1,1,0,0,1,1,4,62991
1,82,0,1,1,0,0,1,4,62949
1,72,0,10,0,0,0,1,2,62941
1,75,0,9,1,0,0,2,4,62910
1,73,1,3,0,0,1,1,4,62881
1,73,0,8,1,0,0,2,4,62870
1,75,1,7,0,0,1,1,3,62852
1,75,0,6,1,0,0,2,5,62794
1,68,1,8,0,1,1,1,5,62766
1,67,1,7,0,0,1,1,3,62748
1,73,0,5,0,0,0,2,2,62647
1,76,0,10,0,0,0,2,3,62539
1,77,0,5,1,0,0,1,5,62519
1,71,1,5,0,0,1,1,3,62481
1,82,0,2,0,0,0,2,5,62432
1,78,0,1,0,0,0,2,4,62374
1,79,0,1,0,0,0,2,3,62353
1,68,1,6,0,0,1,1,3,62339
1,68,1,10,0,0,1,2,5,62294
1,67,1,10,0,0,1,1,5,62268
1,79,0,7,0,0,0,2,4,62235
1,74,0,2,1,0,0,2,3,62194
1,84,0,9,0,0,0,1,3,62182
1,69,1,6,0,0,1,1,3,62137
1,81,0,10,0,0,0,1,3,62130
1,68,1,5,0,0,1,2,5,62109
1,68,0,0,0,0,0,2,2,62100
1,78,0,10,0,0,0,1,3,62100
1,75,0,0,0,0,0,2,5,62057
1,71,0,1,1,0,0,1,5,62051
1,77,0,1,1,0,0,2,5,62019
1,75,0,7,1,0,0,1,5,62017
1,82,0,3,0,0,0,2,4,62011
1,78,0,2,0,0,0,2,3,61976
1,83,0,4,0,0,0,1,5,61929
1,82,0,2,0,1,0,1,5,61882
1,72,0,7,0,0,0,2,2,61867
1,78,0,9,0,0,0,2,3,61764
1,68,1,2,0,0,1,2,5,61760
1,69,1,10,0,0,1,2,4,61726
1,81,0,0,0,0,0,1,3,61638
1,74,0,7,1,0,0,2,5,61634
1,77,0,5,0,1,0,1,3,61601
1,66,0,6,2,0,0,1,4,61592
1,68,0,3,2,0,0,2,3,61563
1,75,0,1,1,0,0,1,5,61550
1,67,1,7,0,1,1,1,3,61486
1,71,0,4,1,0,0,2,3,61476
1,68,0,9,0,0,0,2,2,61471
1,76,0,7,1,0,0,1,3,61406
1,70,0,7,0,0,0,1,2,61373
1,72,0,3,1,1,0,2,5,61211
1,78,0,7,0,0,0,2,5,61104
1,64,1,5,1,0,1,1,5,61058
1,77,0,0,0,0,0,2,3,61007
1,70,0,9,0,0,0,1,2,60936
1,75,0,1,1,0,0,1,5,60917
1,72,0,3,1,0,0,1,5,60816
1,77,1,4,0,0,0,1,5,60739
1,66,1,10,0,0,1,1,4,60718
1,74,0,5,0,0,0,2,3,60679
1,71,0,7,0,0,0,1,2,60619
1,70,0,3,0,0,0,1,2,60597
1,79,0,4,0,0,0,1,4,60577
1,65,0,4,0,0,0,1,2,60555
1,70,1,1,0,0,1,1,5,60545
1,78,0,7,0,0,0,2,3,60518
1,74,0,1,0,1,0,2,4,60398
1,72,0,7,1,0,0,2,4,60384
1,80,0,4,0,0,0,1,3,60368
1,79,0,9,0,0,0,1,5,60303
1,68,0,5,0,0,0,2,2,60297
1,64,1,3,0,0,1,1,3,60295
1,74,0,5,0,0,0,2,4,60225
1,73,0,3,0,1,0,2,4,60187
1,73,0,1,0,0,0,2,4,60172
1,74,0,1,0,0,0,2,4,60089
1,77,0,10,0,0,0,2,3,60054
1,66,0,4,1,0,0,1,2,60028
1,73,0,5,0,0,0,2,3,59923
1,74,0,0,1,0,0,1,3,59838
1,72,0,8,0,0,0,2,5,59786
1,65,0,7,0,0,0,1,2,59720
1,74,0,10,0,0,0,1,5,59664
1,68,1,2,0,0,1,1,5,59473
1,78,1,3,0,0,0,1,5,59347
1,69,0,5,1,0,0,2,4,59315
1,72,0,10,0,1,0,2,5,59278
1,77,0,0,0,0,0,1,5,59277
1,64,1,6,0,0,1,1,5,59250
1,73,0,9,0,0,0,2,3,59188
1,70,0,5,1,1,0,2,5,59121
1,66,0,1,1,0,0,1,4,59000
1,74,0,8,0,0,0,2,4,58847
1,75,0,9,0,0,0,1,3,58808
1,73,0,2,0,0,0,2,4,58793
1,74,1,0,0,0,0,1,5,58726
1,73,0,6,0,0,0,1,5,58688
1,68,0,10,1,0,0,1,4,58648
1,71,0,1,0,0,0,1,3,58618
1,68,0,6,1,0,0,2,3,58613
1,64,1,8,0,0,1,1,3,58491
1,71,0,0,0,0,0,2,4,58390
1,74,0,6,0,0,0,2,5,58374
1,68,0,10,1,0,0,1,5,58359
1,69,1,4,1,0,0,2,5,58290
1,72,0,5,0,0,0,2,3,58257
1,65,0,3,1,0,0,1,5,57982
1,75,0,2,0,0,0,2,5,57950
1,71,0,6,0,0,0,2,3,57802
1,68,0,8,1,0,0,2,3,57631
1,71,0,9,0,0,0,2,3,57557
1,71,0,7,0,0,0,2,5,57514
1,74,0,2,0,0,0,2,5,57480
1,71,0,1,0,0,0,2,4,57341
1,69,0,9,1,0,0,2,4,57290
1,74,0,10,0,0,0,2,4,57135
1,65,0,6,0,1,0,1,2,56989
1,72,0,9,0,0,0,1,4,56918
1,68,0,8,0,0,0,2,3,56825
1,70,0,7,0,0,0,1,5,56810
1,71,0,5,0,1,0,1,4,56739
1,70,0,7,0,0,0,2,4,56739
1,71,0,2,0,1,0,1,4,56730
1,70,0,3,0,1,0,2,3,56663
1,69,0,3,0,0,0,2,3,56597
1,72,0,10,0,0,0,2,4,56544
1,68,0,8,0,1,0,2,3,56418
1,67,0,6,0,0,0,1,4,56368
1,72,0,2,0,1,0,1,5,56305
1,64,0,3,0,0,0,1,2,56119
1,70,0,7,0,0,0,1,3,56049
1,67,0,4,0,0,0,1,4,56027
1,68,0,0,0,0,0,2,5,55847
1,68,0,9,0,0,0,2,4,55653
1,67,0,8,0,1,0,1,4,55295
1,64,0,7,0,0,0,1,3,55173
1,64,0,10,1,1,0,1,5,55056
1,68,0,5,0,0,0,1,4,55002
1,67,0,8,0,0,0,1,4,54591
1,65,0,0,0,0,0,1,4,54049
1,65,1,7,0,0,0,1,3,54023
1,69,0,6,0,0,0,1,3,53685
1,64,0,1,0,0,0,1,4,52250
1,64,1,4,0,0,0,1,3,51537